IMSI,Sold To: Account Reference,Sold To: Account Name,End Customer Name: End Customer Reference,End Customer Name: End Customer Name,Line Item Id,Status,Actual Activation Date,Site: Name,Site Name,GeoLocation,Interconnect ID,Network Slice ID,Site Connectivity ID,Old APN: APN Name,IMEI,Site Connectivity,Product Item: Product Name,FWD,RTN,Service Grade,BE,EF,AF,Product: Charge Category
901600000000107,ACC-DP-0000225,TrustComm d/b/a OneWeb Technologies,DP-EC-0000021,OWT-DP1,OI-0000000209,Activated,12/21/2021,OAL-000081,DP1-Dulles,,IC-0000000126,NS-0000000128,SC-0000000152,trustcomm.ba.mnc060.mcc901.gprs,3.52E+14,IP Access,Trial IPC 75/15/UPD,75,15,Palladium,90,0,0,Site Connectivity MRC
901600000000901,ACC-DP-0000341,Pacific Dataport Inc,DP-EC-0000117,NET,OI-0000000267,Activated,1/22/2022,OAL-000102,SYA1-NET,,IC-0000000120,NS-0000000122,SC-0000000206,pdi.ba.mnc060.mcc901.gprs,3.52E+13,IP Access,Trial PDI-IPC 75/15/UPD,75,15,Palladium,90,0,0,Site Connectivity MRC
901600000001327,ACC-DP-0000546,OneWeb UT,DP-EC-0000255,BT GS,OI-0000000498,Activated,03-04-2022,OAL-000168,BT Adastral,,IC-0000000461,NS-0000000460,SC-0000000463,cbh.customer.mnc060.mcc901.gprs,3.52E+14,IP Access,Trial Entry 75/15/500B,75,15,Bronz,0,0,0,Site Connectivity MRC
901600000000250,ACC-DP-0000548,OneWeb Golden UT,DP-EC-0000044,One Web,OI-0000000316,Activated,2/24/2022,OAL-000122,London,,IC-0000000251,NS-0000000253,SC-0000000254,sprint.mnc060.mcc901.gprs,3.52E+14,IP Access,Classic 30/6/UG,30,6,Gold,7.2,0,0,Site Connectivity MRC
901600000001081,ACC-DP-0000319,Alaska Communications Internet LLC,DP-EC-0000337,ORD-99393-M5F9G5,OI-0000000781,Activated,05-05-2022,OAL-000233,Red Dog Port,,IC-0000000123,NS-0000000125,SC-0000000731,,3.52E+14,IPVPN,Dedicated 75/15/UP,75,15,Palladium,45,18,27,Site Connectivity MRC
901600000000053,ACC-DP-0000225,TrustComm d/b/a OneWeb Technologies,DP-EC-0000065,OWT,OI-0000000211,Activated,12/17/2021,OAL-000078,"Hagerstown, MD",,IC-0000000126,NS-0000000128,SC-0000000154,trustcomm.ba.mnc060.mcc901.gprs,3.52E+14,IP Access,Trial IPC 75/15/UPD,75,15,Palladium,90,0,0,Site Connectivity MRC
901600000000055,ACC-DP-0000546,OneWeb UT,DP-EC-0000125,Kyndryl training & demo system,OI-0000000271,Activated,1/24/2022,OAL-000109,Kyndryl Regina site,,IC-0000000212,NS-0000000214,SC-0000000210,cbh.customer.mnc060.mcc901.gprs,3.52E+14,IP Access,Classic 75/15/UG,75,15,Gold,18,0,0,Site Connectivity MRC
901600000000055,ACC-DP-0000546,OneWeb UT,DP-EC-0000125,Kyndryl training & demo system,OI-0000000846,Pending,,OAL-000109,Kyndryl Regina site,,IC-0000000212,NS-0000000214,SC-0000000210,,3.52E+14,IP Access,Classic 75/15/UG,75,15,Gold,18,0,0,Site Connectivity MRC
901600000000056,ACC-DP-0000341,Pacific Dataport Inc,DP-EC-0000074,RSE,OI-0000000241,Activated,12/23/2021,OAL-000086,ANK,,IC-0000000120,NS-0000000122,SC-0000000184,pdi.ba.mnc060.mcc901.gprs,3.52E+14,IP Access,Trial PDI-IPC 75/15/UPD,75,15,Palladium,90,0,0,Site Connectivity MRC
901600000000059,ACC-DP-0000341,Pacific Dataport Inc,DP-EC-0000072,SIX,OI-0000000661,Activated,05-11-2022,OAL-000084,SNP1-SIX,,IC-0000000120,NS-0000000122,SC-0000000621,,3.52E+14,,TRIAL PDI ENT+ 100/20/2500S,,,,,,,Site Connectivity MRC
901600000000063,ACC-DP-0000546,OneWeb UT,DP-EC-0000293,Galaxy - Glencore Raglan,OI-0000000642,Activated,3/30/2022,OAL-000192,Galaxy - Glencore Raglan mine site,,IC-0000000602,NS-0000000601,SC-0000000604,,3.52E+14,IP Access,TRIAL Classic 75/15/UG,75,15,Gold,18,0,0,Site Connectivity MRC
901600000000076,ACC-DP-0000341,Pacific Dataport Inc,DP-EC-0000118,Anchorage,OI-0000000269,Activated,1/14/2022,OAL-000103,ANCUS1 Beta,,IC-0000000120,NS-0000000122,SC-0000000208,pdi.ba.mnc060.mcc901.gprs,3.52E+14,IP Access,Trial PDI-IPC 20/4/UPD,20,4,Palladium,24,0,0,Site Connectivity MRC
901600000000080,ACC-DP-0000225,TrustComm d/b/a OneWeb Technologies,DP-EC-0000064,OWT Germany Demo,OI-0000000239,Activated,12/21/2021,OAL-000077,Stuttgart,,IC-0000000178,NS-0000000177,SC-0000000182,cbh.customer.mnc060.mcc901.gprs,3.52E+14,IP Access,Trial IPC 75/15/UPD,75,15,Palladium,90,0,0,Site Connectivity MRC
901600000000081,ACC-DP-0000546,OneWeb UT,DP-EC-0000230,BT M&B,OI-0000000423,Activated,2/24/2022,OAL-000152,BT - Madley Satellite Communications Centre,,IC-0000000386,NS-0000000385,SC-0000000388,cbh.customer.mnc060.mcc901.gprs,3.52E+14,IP Access,Trial Entry 75/15/500B,75,15,Bronze,0,0,0,Site Connectivity MRC
901600000000086,ACC-DP-0000225,TrustComm d/b/a OneWeb Technologies,DP-EC-0000075,OWT Beta Test Terminal,OI-0000000215,Activated,12/21/2021,OAL-000090,Ft Belvoir Beta,,IC-0000000126,NS-0000000128,SC-0000000158,trustcomm.ba.mnc060.mcc901.gprs,3.52E+14,IP Access,Trial IPC 75/15/UPD,75,15,Palladium,90,0,0,Site Connectivity MRC
901600000000087,ACC-DP-0000549,OneWeb UT - Hughes,DP-EC-0000046,OneWeb,OI-0000000711,Activated,4/14/2022,OAL-000224,Kitty Hawk,,IC-0000000467,NS-0000000466,SC-0000000661,,3.52E+14,IP Access,Classic 50/10/UG,50,10,Gold,12,0,0,Site Connectivity MRC
901600000000108,ACC-DP-0000225,TrustComm d/b/a OneWeb Technologies,DP-EC-0000127,L3HT,OI-0000000353,Activated,2/20/2022,OAL-000117,Salt Lake,,IC-0000000160,NS-0000000162,SC-0000000291,owt.ipa.mnc060.mcc901.gprs,3.52E+14,IP Access,TRIAL Classic 75/15/UG,75,15,Gold,18,0,0,Site Connectivity MRC
901600000000117,ACC-DP-0000595,OneWeb UT - Intellian,DP-EC-0000271,OneWeb,OI-0000000574,Activated,3/15/2022,OAL-000182,Rotterdam,,IC-0000000537,NS-0000000536,SC-0000000539,sprint.mnc060.mcc901.gprs,3.52E+14,IP Access,Classic 50/10/UG,50,10,Gol,12,0,0,Site Connectivity MRC
901600000000119,ACC-DP-0000341,Pacific Dataport Inc,DP-EC-0000117,NET,OI-0000000267,Activated,1/22/2022,OAL-000102,SYA1-NET,,IC-0000000120,NS-0000000122,SC-0000000206,pdi.ba.mnc060.mcc901.gprs,3.52E+14,IP Access,Trial PDI-IPC 75/15/UPD,75,15,Palladium,90,0,0,Site Connectivity MRC
901600000000122,ACC-DP-0000225,TrustComm d/b/a OneWeb Technologies,DP-EC-0000162,20124467-1,OI-0000000349,Activated,02-07-2022,OAL-000129,Hagerstown-1,,IC-0000000126,NS-0000000128,SC-0000000287,trustcomm.ba.mnc060.mcc901.gprs,3.52E+14,IP Access,TRIAL Classic 50/10/UG,50,10,Gold,12,0,0,Site Connectivity MRC
901600000000127,ACC-DP-0000341,Pacific Dataport Inc,DP-EC-0000074,RSE,OI-0000000243,Activated,12/16/2021,OAL-000087,TLF,,IC-0000000120,NS-0000000122,SC-0000000186,pdi.ba.mnc060.mcc901.gprs,3.52E+14,IP Access,Trial PDI-IPC 75/15/UPD,75,15,Palladium,90,0,0,Site Connectivity MRC
901600000000136,ACC-DP-0000341,Pacific Dataport Inc,DP-EC-0000055,ATO,OI-0000000192,Activated,12/21/2021,OAL-000074,SNP,,IC-0000000120,NS-0000000122,SC-0000000135,pdi.ba.mnc060.mcc901.gprs,3.52E+14,IP Access,Trial PDI-IPC 75/15/UPD,75,15,Palladium,90,0,0,Site Connectivity MRC
901600000000138,ACC-DP-0000546,OneWeb UT,DP-EC-0000231,BT EE,OI-0000000429,Activated,2/25/2022,OAL-000154,Bristol Parkgate Building,,IC-0000000392,NS-0000000391,SC-0000000394,cbh.customer.mnc060.mcc901.gprs,3.52E+14,IP Access,Trial Entry 75/15/500B,75,15,Bronze,0,0,0,Site Connectivity MRC
901600000000140,ACC-DP-0000312,ROCK Networks,DP-EC-0000068,Rock Networks Demo site,OI-0000000203,Activated,12/30/2021,OAL-000082,Rock Networks HQ,,IC-0000000143,NS-0000000145,SC-0000000146,cbh.customer.mnc060.mcc901.gprs,3.52E+14,IP Access,Trial RN-GW 25/5/UG,25,5,Gold,6,0,0,Site Connectivity MRC
901600000000146,ACC-DP-0000546,OneWeb UT,DP-EC-0000140,Norway defence,OI-0000000301,Activated,1/26/2022,OAL-000116,Oslo - Norway Defence,,IC-0000000238,NS-0000000237,SC-0000000240,cbh.customer.mnc060.mcc901.gprs,3.52E+14,IP Access,Classic 50/10/UG,50,10,Gold,12,0,0,Site Connectivity MRC
901600000000149,ACC-DP-0000647,OneWeb UT - Alaska,DP-EC-0000256,OneWeb,OI-0000000529,Activated,03-07-2022,OAL-000174,OneWeb Akiak 2,,IC-0000000492,NS-0000000491,SC-0000000494,cbh.customer.mnc060.mcc901.gprs,3.52E+14,IP Access,Entry 75/15/500B,75,15,Bronze,0,0,0,Site Connectivity MRC
901600000000151,ACC-DP-0000319,Alaska Communications Internet LLC,DP-EC-0000101,ACS Test,OI-0000000347,Activated,02-09-2022,OAL-000101,Anchorage Demo,,IC-0000000123,NS-0000000125,SC-0000000285,acs.ba.mnc060.mcc901.gprs,3.52E+14,IP Access,TRIAL AC Classic 50/10/UG,50,10,Gold,12,0,0,Site Connectivity MRC
901600000000153,ACC-DP-0000225,TrustComm d/b/a OneWeb Technologies,DP-EC-0000245,20124483,OI-0000000524,Activated,03-08-2022,OAL-000170,"Bodo, Norway",,IC-0000000419,NS-0000000421,SC-0000000489,owt.ipa.mnc060.mcc901.gprs,3.52E+14,IP Access,Trial IPC 75/15/UPD,75,15,Palladium,90,0,0,Site Connectivity MRC
901600000000156,ACC-DP-0000595,OneWeb UT - Intellian,DP-EC-0000271,OneWeb,OI-0000000579,Activated,3/15/2022,OAL-000183,Irvine,,IC-0000000542,NS-0000000541,SC-0000000544,sprint.mnc060.mcc901.gprs,3.52E+14,IP Access,Classic 50/10/UG,50,10,Gold,12,0,0,Site Connectivity MRC
901600000000168,ACC-DP-0000319,Alaska Communications Internet LLC,DP-EC-0000303,ORD-107927-C5G3M9,OI-0000000787,Pending,,OAL-000231,Aniak,,IC-0000000123,NS-0000000125,SC-0000000737,,3.52E+14,IP Access,Classic 25/5/UG,25,5,Gold,6,0,0,Site Connectivity MRC
901600000000171,ACC-DP-0000225,TrustComm d/b/a OneWeb Technologies,DP-EC-0000021,OWT-DP1,OI-0000000220,Activated,01-11-2022,OAL-000079,OWT DP1-AK1,,IC-0000000160,NS-0000000162,SC-0000000163,owt.ipa.mnc060.mcc901.gprs,3.52E+14,IP Access,Trial IPC 75/15/UPD,75,15,Palladium,90,0,0,Site Connectivity MRC
901600000000177,ACC-DP-0000225,TrustComm d/b/a OneWeb Technologies,DP-EC-0000021,OWT-DP1,OI-0000000222,Activated,01-11-2022,OAL-000091,OWT DP1-AK2,,IC-0000000160,NS-0000000162,SC-0000000165,owt.ipa.mnc060.mcc901.gprs,3.52E+14,IP Access,Trial IPC 75/15/UPD,75,15,Palladium,90,0,0,Site Connectivity MRC
901600000000179,ACC-DP-0000548,OneWeb Golden UT,DP-EC-0000044,One Web,OI-0000000296,Activated,1/14/2022,OAL-000114,Talkeetna,,IC-0000000232,NS-0000000234,SC-0000000235,sprint.mnc060.mcc901.gprs,3.52E+14,IP Access,Classic 75/15/UG,75,15,God,18,0,0,Site Connectivity MRC
901600000000179,ACC-DP-0000548,OneWeb Golden UT,DP-EC-0000044,One Web,OI-0000000293,Activated,1/14/2022,OAL-000114,Talkeetna,,IC-0000000232,,,,3.52E+14,,Test Internet,,,,,,,Interconnect
901600000000181,ACC-DP-0000549,OneWeb UT - Hughes,DP-EC-0000046,OneWeb,OI-0000000460,Activated,03-10-2022,OAL-000161,Clewiston,,IC-0000000423,NS-0000000422,SC-0000000425,cbh.customer.mnc060.mcc901.gprs,3.52E+14,IP Access,Classic 50/10/UG,50,10,Gold,12,0,0,Site Connectivity MRC
901600000000198,ACC-DP-0000546,OneWeb UT,DP-EC-0000045,OneWeb,OI-0000000591,Activated,3/16/2022,OAL-000179,Westcott,,IC-0000000554,NS-0000000553,SC-0000000556,sprint.mnc060.mcc901.gprs,3.52E+14,IP Access,Entry 75/15/500B,75,15,Bronze,0,0,0,Site Connectivity MRC
901600000000202,ACC-DP-0000549,OneWeb UT - Hughes,DP-EC-0000046,OneWeb,OI-0000000378,Activated,2/24/2022,OAL-000141,Palermo,,IC-0000000302,NS-0000000304,SC-0000000316,sprint.mnc060.mcc901.gprs,3.52E+14,IP Access,Classic 50/10/UG,50,10,Gold,12,0,0,Site Connectivity MRC
901600000000203,ACC-DP-0000549,OneWeb UT - Hughes,DP-EC-0000046,OneWeb,OI-0000000367,Activated,2/24/2022,OAL-000137,Palermo,,IC-0000000302,NS-0000000304,SC-0000000305,sprint.mnc060.mcc901.gprs,3.52E+14,IP Access,Classic 50/10/UG,50,10,Gold,12,0,0,Site Connectivity MRC
901600000000204,ACC-DP-0000549,OneWeb UT - Hughes,DP-EC-0000046,OneWeb,OI-0000000432,Activated,2/24/2022,OAL-000155,Oslo,,IC-0000000350,NS-0000000349,SC-0000000397,sprint.mnc060.mcc901.gprs,3.52E+14,IP Access,Classic 50/10/UG,50,10,Gold,12,0,0,Site Connectivity MRC
901600000000207,ACC-DP-0000549,OneWeb UT - Hughes,DP-EC-0000046,OneWeb,OI-0000000374,Activated,2/24/2022,OAL-000138,Palermo,,IC-0000000302,NS-0000000304,SC-0000000312,sprint.mnc060.mcc901.gprs,3.52E+14,IP Access,Classic 50/10/UG,50,10,Gold,12,0,0,Site Connectivity MRC
901600000000208,ACC-DP-0000549,OneWeb UT - Hughes,DP-EC-0000046,OneWeb,OI-0000000416,Activated,2/23/2022,OAL-000144,Croatia,,IC-0000000302,NS-0000000304,SC-0000000354,sprint.mnc060.mcc901.gprs,3.52E+14,IP Access,Classic 50/10/UG,50,10,Gold,12,0,0,Site Connectivity MRC
901600000000236,ACC-DP-0000546,OneWeb UT,DP-EC-0000045,OneWeb,OI-0000000553,Activated,3/14/2022,OAL-000177,London,,IC-0000000516,NS-0000000515,SC-0000000518,sprint.mnc060.mcc901.gprs,3.52E+14,IP Access,Entry 75/15/500B,75,15,Bronze,0,0,0,Site Connectivity MRC
901600000000272,ACC-DP-0000548,OneWeb Golden UT,DP-EC-0000044,One Web,OI-0000000606,Activated,3/16/2022,OAL-000124,Sintra,,IC-0000000251,NS-0000000253,SC-0000000571,sprint.mnc060.mcc901.gprs,3.52E+14,IP Access,Classic 30/6/UG,30,6,Gold,7.2,0,0,Site Connectivity MRC
901600000000279,ACC-DP-0000549,OneWeb UT - Hughes,DP-EC-0000046,OneWeb,OI-0000000434,Activated,2/24/2022,OAL-000156,Stockholm,,IC-0000000350,NS-0000000349,SC-0000000399,sprint.mnc060.mcc901.gprs,3.52E+14,IP Access,Classic 50/10/UG,50,10,Gold,12,0,0,Site Connectivity MRC
901600000000289,ACC-DP-0000549,OneWeb UT - Hughes,DP-EC-0000046,OneWeb,OI-0000000414,Activated,2/23/2022,OAL-000145,Oslo,,IC-0000000350,NS-0000000349,SC-0000000352,sprint.mnc060.mcc901.gprs,3.52E+14,IP Access,Classic 50/10/UG,50,10,Gold,12,0,0,Site Connectivity MRC
901600000000301,ACC-DP-0000548,OneWeb Golden UT,DP-EC-0000044,One Web,OI-0000000355,Activated,2/24/2022,OAL-000126,Talkeetna,,IC-0000000232,NS-0000000234,SC-0000000293,sprint.mnc060.mcc901.gprs,3.52E+14,IP Access,Classic 30/6/UG,30,6,Gold,7.2,0,0,Site Connectivity MRC
901600000000302,ACC-DP-0000549,OneWeb UT - Hughes,DP-EC-0000046,OneWeb,OI-0000000418,Activated,2/24/2022,OAL-000143,Croatia,,IC-0000000302,NS-0000000304,SC-0000000356,sprint.mnc060.mcc901.gprs,3.52E+14,IP Access,Classic 50/10/UG,50,10,Gold,12,0,0,Site Connectivity MRC
901600000000304,ACC-DP-0000548,OneWeb Golden UT,DP-EC-0000044,One Web,OI-0000000398,Activated,2/24/2022,OAL-000123,Westcott,,IC-0000000251,NS-0000000253,SC-0000000336,sprint.mnc060.mcc901.gprs,3.52E+14,IP Access,Classic 30/6/UG,30,6,Gold,7.2,0,0,Site Connectivity MRC
901600000000312,ACC-DP-0000548,OneWeb Golden UT,DP-EC-0000044,One Web,OI-0000000709,Activated,4/13/2022,OAL-000226,Santa Paula,,IC-0000000339,NS-0000000338,SC-0000000659,,3.52E+14,IP Access,Classic 30/6/UG,30,6,Gold,7.2,0,0,Site Connectivity MRC
901600000000319,ACC-DP-0000549,OneWeb UT - Hughes,DP-EC-0000046,OneWeb,OI-0000000446,Activated,2/24/2022,OAL-000157,Stockholm,,IC-0000000350,NS-0000000349,SC-0000000411,sprint.mnc060.mcc901.gprs,3.52E+14,IP Access,Classic 50/10/UG,50,10,Gold,12,0,0,Site Connectivity MRC
901600000000319,ACC-DP-0000549,OneWeb UT - Hughes,DP-EC-0000046,OneWeb,OI-0000000798,Pending,,OAL-000157,Stockholm,,IC-0000000350,NS-0000000349,SC-0000000411,,3.52E+14,,Classic 50/10/UG,,,,,,,Site Connectivity MRC
901600000000324,ACC-DP-0000548,OneWeb Golden UT,DP-EC-0000044,One Web,OI-0000000779,Activated,4/29/2022,OAL-000241,Santiago,,IC-0000000726,NS-0000000728,SC-0000000729,,3.52E+14,IP Access,Classic 30/6/UG,30,6,Gold,7.2,0,0,Site Connectivity MRC
901600000000331,ACC-DP-0000549,OneWeb UT - Hughes,DP-EC-0000046,OneWeb,OI-0000000376,Activated,2/24/2022,OAL-000140,Palermo,,IC-0000000302,NS-0000000304,SC-0000000314,sprint.mnc060.mcc901.gprs,3.52E+14,IP Access,Classic 50/10/UG,50,10,Gold,12,0,0,Site Connectivity MRC
901600000000332,ACC-DP-0000549,OneWeb UT - Hughes,DP-EC-0000046,OneWeb,OI-0000000713,Activated,4/14/2022,OAL-000225,Kitty Hawk,,IC-0000000467,NS-0000000466,SC-0000000663,,3.52E+14,IP Access,Classic 50/10/UG,50,10,Gold,12,0,0,Site Connectivity MRC
901600000000352,ACC-DP-0000595,OneWeb UT - Intellian,DP-EC-0000271,OneWeb,OI-0000000564,Activated,3/16/2022,OAL-000180,Bethesda,,IC-0000000527,NS-0000000526,SC-0000000529,sprint.mnc060.mcc901.gprs,3.52E+14,IP Access,Classic 50/10/UG,50,10,Gold,12,0,0,Site Connectivity MRC
901600000000357,ACC-DP-0000549,OneWeb UT - Hughes,DP-EC-0000046,OneWeb,OI-0000000504,Activated,03-04-2022,OAL-000169,Southbury,,IC-0000000467,NS-0000000466,SC-0000000469,sprint.mnc060.mcc901.gprs,3.52E+14,IP Access,Classic 50/10/UG,50,10,Gold,12,0,0,Site Connectivity MRC
901600000000368,ACC-DP-0000595,OneWeb UT - Intellian,DP-EC-0000271,OneWeb,OI-0000000569,Activated,3/16/2022,OAL-000181,Bethesda,,IC-0000000532,NS-0000000531,SC-0000000534,sprint.mnc060.mcc901.gprs,3.52E+14,IP Access,Classic 50/10/UG,50,10,Gold,12,0,0,Site Connectivity MRC
901600000000572,ACC-DP-0000546,OneWeb UT,DP-EC-0000272,Galaxy - Kingfisher,OI-0000000584,Activated,3/16/2022,OAL-000184,Galaxy - Kingfisher Mine Site,,IC-0000000547,NS-0000000546,SC-0000000549,cbh.customer.mnc060.mcc901.gprs,3.52E+13,IP Access,TRIAL Classic 75/15/UG,75,15,Gold,18,0,0,Site Connectivity MRC
901600000000671,ACC-DP-0000022,Marlink AS,DP-EC-0000225,Marlink AS,OI-0000000664,Activated,3/29/2022,OAL-000196,ITC,,IC-0000000418,NS-0000000417,SC-0000000624,,3.52E+14,IP Access,MARLINKTEST Entry 75/15/500B,75,15,Bronze,0,0,0,Site Connectivity MRC
901600000000729,ACC-DP-0000546,OneWeb UT,DP-EC-0000308,Northwestel - Yellowknife 5,OI-0000000700,Activated,04-06-2022,OAL-000212,Yellowknife 5,,IC-0000000215,NS-0000000217,SC-0000000650,,3.52E+14,IP Access,TRIAL Classic 75/15/UG,75,15,Gold,18,0,0,Site Connectivity MRC
901600000000743,ACC-DP-0000546,OneWeb UT,DP-EC-0000409,Galaxy - Canadian Royalties,OI-0000000817,Activated,5/18/2022,OAL-000257,Galaxy - Canadian Royalties,,IC-0000000597,NS-0000000596,SC-0000000762,,3.52E+14,IP Access,TRIAL Classic 75/15/UG,75,15,Gold,18,0,0,Site Connectivity MRC
901600000000762,ACC-DP-0000546,OneWeb UT,DP-EC-0000295,Galaxy - Golder Victor,OI-0000000652,Activated,3/30/2022,OAL-000194,Galaxy - Golder Victor mine site,,IC-0000000612,NS-0000000611,SC-0000000614,,3.52E+14,IP Access,TRIAL Classic 75/15/UG,75,15,Gold,18,0,0,Site Connectivity MRC
901600000000793,ACC-DP-0000549,OneWeb UT - Hughes,DP-EC-0000046,OneWeb,OI-0000000448,Activated,2/24/2022,OAL-000158,Svalbard,,IC-0000000350,NS-0000000349,SC-0000000413,sprint.mnc060.mcc901.gprs,3.52E+14,IP Access,Classic 50/10/UG,50,10,Gold,12,0,0,Site Connectivity MRC
901600000000799,ACC-DP-0000546,OneWeb UT,DP-EC-0000257,Galaxy - AE Meliadine UT 1 (VV Testing),OI-0000000541,Activated,03-08-2022,OAL-000171,Galaxy - AE Meliadine Mine Site,,IC-0000000504,NS-0000000503,SC-0000000506,cbh.customer.mnc060.mcc901.gprs,3.52E+14,IP Access,TRIAL Classic 75/15/UG,75,15,Gold,18,0,0,Site Connectivity MRC
901600000000856,ACC-DP-0000546,OneWeb UT,DP-EC-0000392,Kyndryl - Cargill PoC Kindersely,OI-0000000803,Activated,05-12-2022,OAL-000252,Kindersely,,IC-0000000212,NS-0000000214,SC-0000000751,,3.52E+14,IP Access,TRIAL Classic 75/15/UG,75,15,Gold,18,0,0,Site Connectivity MRC
901600000000858,ACC-DP-0000546,OneWeb UT,DP-EC-0000347,Rock Networks - MDA DND R&D Project,OI-0000000738,Activated,4/20/2022,OAL-000237,"MDA Richmond, BC",,IC-0000000685,NS-0000000687,SC-0000000688,,3.52E+14,IP Access,Trial Entry 75/15/500B,75,15,Bronze,0,0,0,Site Connectivity MRC
901600000000875,ACC-DP-0000341,Pacific Dataport Inc,DP-EC-0000165,ATB.1,OI-0000000604,Activated,3/16/2022,OAL-000178,Bethel,,IC-0000000120,NS-0000000122,SC-0000000569,pdi.ba.mnc060.mcc901.gprs,3.52E+14,IP Access,TRIAL Classic 75/15/UG,75,15,Gold,18,0,0,Site Connectivity MRC
901600000000876,ACC-DP-0000341,Pacific Dataport Inc,DP-EC-0000072,SIX,OI-0000000657,Pending,,OAL-000084,SNP1-SIX,,IC-0000000120,NS-0000000122,SC-0000000148,,3.52E+14,IP Access,Trial PDI-IPC 75/15/UPD,75,15,Palladium,90,0,0,Site Connectivity MRC
901600000000876,ACC-DP-0000341,Pacific Dataport Inc,DP-EC-0000072,SIX,OI-0000000659,Activated,05-11-2022,OAL-000084,SNP1-SIX,,IC-0000000120,NS-0000000122,SC-0000000148,,3.52E+14,Business Access,TRIAL PDI ENT+ 100/20/2500S,100,20,Silver,12,12,0,Site Connectivity MRC
901600000000876,ACC-DP-0000341,Pacific Dataport Inc,DP-EC-0000072,SIX,OI-0000000205,Activated,12-10-2021,OAL-000084,SNP1-SIX,,IC-0000000120,NS-0000000122,SC-0000000148,pdi.ba.mnc060.mcc901.gprs,3.52E+14,IP Access,Trial PDI-IPC 75/15/UPD,75,15,Palladim,90,0,0,Site Connectivity MRC
901600000000877,ACC-DP-0000319,Alaska Communications Internet LLC,DP-EC-0000337,ORD-99393-M5F9G5,OI-0000000781,Activated,05-05-2022,OAL-000233,Red Dog Port,,IC-0000000123,NS-0000000125,SC-0000000731,,3.52E+14,IPVPN,Dedicated 75/15/UP,75,15,Palladium,45,18,27,Site Connectivity MRC
901600000000878,ACC-DP-0000546,OneWeb UT,DP-EC-0000386,Galaxy - NJ Albert Mine,OI-0000000785,Activated,05-04-2022,OAL-000244,Galaxy - NJ Albert Mine site,,IC-0000000612,NS-0000000611,SC-0000000735,,3.52E+14,IP Access,TRIAL Classic 75/15/UG,75,15,Gold,18,0,0,Site Connectivity MRC
901600000000916,ACC-DP-0000042,AST 5G Ltd,DP-EC-0000020,AST,OI-0000000654,Activated,3/24/2022,OAL-000195,Bawburgh Test Terminal 2,,IC-0000000103,NS-0000000105,SC-0000000616,,3.52E+14,Business Access,TRIAL AST5G OCEAN 75/15/2500S,75,15,Silver,9,9,0,Site Connectivity MRC
901600000000935,ACC-DP-0000546,OneWeb UT,DP-EC-0000369,Galaxy - Alamos,OI-0000000772,Activated,4/26/2022,OAL-000240,Galaxy - Alamos mine site,,IC-0000000612,NS-0000000611,SC-0000000722,,3.52E+14,IP Access,TRIAL Classic 75/15/UG,75,15,Gold,18,0,0,Site Connectivity MRC
901600000000945,ACC-DP-0000042,AST 5G Ltd,DP-EC-0000020,AST,OI-0000000361,Activated,02-10-2022,OAL-000136,Bawburgh Test Terminal 1,,IC-0000000103,NS-0000000105,SC-0000000299,ast.ba.mnc060.mcc901.gprs,3.52E+14,IP Access,TRIAL AST5G OCEAN CREW 100/20/3000B,100,20,Bronze,12,0,0,Site Connectivity MRC
901600000000958,ACC-DP-0000546,OneWeb UT,DP-EC-0000294,Galaxy - Kiewit Raglan,OI-0000000647,Activated,3/30/2022,OAL-000193,Galaxy - Kiewit Raglan mine site,,IC-0000000607,NS-0000000606,SC-0000000609,,3.52E+14,IP Access,TRIAL Classic 75/15/UG,75,15,Gold,18,0,0,Site Connectivity MRC
901600000000961,ACC-DP-0000319,Alaska Communications Internet LLC,DP-EC-0000305,ORD-76450-X2M2K0,OI-0000000750,Activated,4/17/2022,OAL-000215,Deering,,IC-0000000123,NS-0000000125,SC-0000000700,,3.52E+14,IPVPN,Dedicated 50/10/UP,50,10,Palladium,30,12,18,Site Connectivity MRC
901600000000962,ACC-DP-0000549,OneWeb UT - Hughes,DP-EC-0000046,OneWeb,OI-0000000801,Activated,05-06-2022,OAL-000250,Stockholm,,IC-0000000350,NS-0000000349,SC-0000000749,,3.52E+14,IP Access,Classic 50/10/UG,50,10,Gold,12,0,0,Site Connectivity MRC
901600000000963,ACC-DP-0000679,OneWeb UT Team,DP-EC-0000321,OneWeb,OI-0000000726,Activated,4/20/2022,OAL-000234,Westcott,,IC-0000000673,NS-0000000675,SC-0000000676,,3.52E+14,IP Access,Entry 75/15/500B,75,15,Bronze,0,0,0,Site Connectivity MRC
901600000000964,ACC-DP-0000546,OneWeb UT,DP-EC-0000307,Northwestel - Yellowknife 4,OI-0000000698,Activated,04-06-2022,OAL-000211,Yellowknife 4,,IC-0000000215,NS-0000000217,SC-0000000648,,3.52E+14,IP Access,TRIAL Classic 75/15/UG,75,15,Gold,18,0,0,Site Connectivity MRC
901600000001003,ACC-DP-0000225,TrustComm d/b/a OneWeb Technologies,DP-EC-0000298,20124483-2,OI-0000000694,Activated,04-01-2022,OAL-000205,"Ã… iauliai, Lithuania",,IC-0000000419,NS-0000000421,SC-0000000644,,3.52E+14,IP Access,TRIAL Classic 50/10/UG,50,10,Gold,12,0,0,Site Connectivity MRC
901600000001011,ACC-DP-0000319,Alaska Communications Internet LLC,DP-EC-0000305,ORD-76450-X2M2K0,OI-0000000760,Activated,4/17/2022,OAL-000221,Selawik,,IC-0000000123,NS-0000000125,SC-0000000710,,3.52E+14,IPVPN,Dedicated 100/20/UP,100,20,Palladium,60,24,36,Site Connectivity MRC
901600000001012,ACC-DP-0000319,Alaska Communications Internet LLC,DP-EC-0000336,ORD-99391-N5B4S9,OI-0000000783,Activated,05-05-2022,OAL-000232,Red Dog Mine,,IC-0000000123,NS-0000000125,SC-0000000733,,3.52E+14,IPVPN,Dedicated 100/20/UP,100,20,Palladium,60,24,36,Site Connectivity MRC
901600000001022,ACC-DP-0000319,Alaska Communications Internet LLC,DP-EC-0000342,ORD-111051-R9D6Z9,OI-0000000842,Pending,,OAL-000249,Prudhoe 1930302,,IC-0000000123,NS-0000000125,SC-0000000783,,3.52E+14,IP Access,Classic 75/15/UG,75,15,Gold,18,0,0,Site Connectivity MRC
901600000001024,ACC-DP-0000546,OneWeb UT,DP-EC-0000433,KuSat - Kuujjuaq Hospital,OI-0000000854,Activated,5/24/2022,OAL-000267,KuSat - Kuujjuaq Hospital,,IC-0000000456,NS-0000000455,SC-0000000793,,3.52E+14,IP Access,TRIAL Classic 75/15/UG,75,15,Gold,18,0,0,Site Connectivity MRC
901600000001035,ACC-DP-0000546,OneWeb UT,DP-EC-0000432,KuSat - Kuujjuaq School,OI-0000000858,Activated,5/24/2022,OAL-000266,KuSat - Kuujjuaq School,,IC-0000000456,NS-0000000455,SC-0000000797,,3.52E+14,IP Access,TRIAL Classic 75/15/UG,75,15,Gold,18,0,0,Site Connectivity MRC
901600000001036,ACC-DP-0000319,Alaska Communications Internet LLC,DP-EC-0000305,ORD-76450-X2M2K0,OI-0000000746,Activated,4/17/2022,OAL-000213,Ambler,,IC-0000000123,NS-0000000125,SC-0000000696,,3.52E+14,IPVPN,Dedicated 50/10/UP,50,10,Palladium,30,12,18,Site Connectivity MRC
901600000001039,ACC-DP-0000546,OneWeb UT,DP-EC-0000126,NorthwesTel training & demo system,OI-0000000281,Activated,1/24/2022,OAL-000112,NorthwesTel Whitehorse site UT#2,,IC-0000000222,NS-0000000224,SC-0000000220,cbh.customer.mnc060.mcc901.gprs,3.52E+14,IP Access,Classic 75/15/UG,75,15,Gold,18,0,0,Site Connectivity MRC
901600000001039,ACC-DP-0000546,OneWeb UT,DP-EC-0000126,NorthwesTel training & demo system,OI-0000000283,Activated,1/24/2022,OAL-000112,NorthwesTel Whitehorse site UT#2,,IC-0000000222,,,,3.52E+14,,Test Internet,,,,,,,Interconnect
901600000001045,ACC-DP-0000112,Galaxy Broadband Communications Inc,DP-EC-0000273,DeBeers Gahcho Kue,OI-0000000586,Activated,3/21/2022,OAL-000185,DeBeers Gahcho Kue mine site,,IC-0000000329,NS-0000000328,SC-0000000551,galaxy.ipa.mnc060.mcc901.gprs,3.52E+14,IP Access,TRIAL Classic 75/15/UG,75,15,Gold,18,0,0,Site Connectivity MRC
901600000001045,ACC-DP-0000112,Galaxy Broadband Communications Inc,DP-EC-0000273,DeBeers Gahcho Kue,OI-0000000821,Pending,,OAL-000185,DeBeers Gahcho Kue mine site,,IC-0000000329,NS-0000000328,SC-0000000551,,3.52E+14,IP Access,TRIAL Classic 75/15/UG,75,15,Gold,18,0,0,Site Connectivity MRC
901600000001050,ACC-DP-0000549,OneWeb UT - Hughes,DP-EC-0000046,OneWeb,OI-0000000380,Activated,2/23/2022,OAL-000142,Palermo,,IC-0000000302,NS-0000000304,SC-0000000318,sprint.mnc060.mcc901.gprs,3.52E+14,IP Access,Classic 50/10/UG,50,10,Gold,12,0,0,Site Connectivity MRC
901600000001054,ACC-DP-0000225,TrustComm d/b/a OneWeb Technologies,DP-EC-0000411,20124495-5,OI-0000000844,Activated,5/23/2022,OAL-000262,"Dulles, Va",,IC-0000000126,NS-0000000128,SC-0000000785,,3.52E+14,IP Access,TRIAL Classic 50/10/UG,50,10,Gold,12,0,0,Site Connectivity MRC
901600000001075,ACC-DP-0000546,OneWeb UT,DP-EC-0000355,Alaska Tribal Spectrum - Unalaska Demo,OI-0000000744,Activated,4/22/2022,OAL-000238,ATS - Unalaska Demo,,IC-0000000691,NS-0000000693,SC-0000000694,,3.52E+14,IP Access,TRIAL Classic 75/15/UG,75,15,Gold,18,0,0,Site Connectivity MRC
901600000001080,ACC-DP-0000319,Alaska Communications Internet LLC,DP-EC-0000305,ORD-76450-X2M2K0,OI-0000000752,Activated,4/17/2022,OAL-000216,Kiana,,IC-0000000123,NS-0000000125,SC-0000000702,,3.52E+14,IPVPN,Dedicated 75/15/UP,75,15,Palladium,45,18,27,Site Connectivity MRC
901600000001085,ACC-DP-0000548,OneWeb Golden UT,DP-EC-0000044,One Web,OI-0000000331,Activated,2/24/2022,OAL-000127,Southbury,,IC-0000000267,NS-0000000266,SC-0000000269,sprint.mnc060.mcc901.gprs,3.52E+14,IP Access,Classic 30/6/UG,30,6,Gold,7.2,0,0,Site Connectivity MRC
901600000001089,ACC-DP-0000319,Alaska Communications Internet LLC,DP-EC-0000305,ORD-76450-X2M2K0,OI-0000000758,Activated,4/17/2022,OAL-000219,Noorvik,,IC-0000000123,NS-0000000125,SC-0000000708,,3.52E+14,IPVPN,Dedicated 100/20/UP,100,20,Palladium,60,24,36,Site Connectivity MRC
901600000001095,ACC-DP-0000225,TrustComm d/b/a OneWeb Technologies,DP-EC-0000312,20124483-4,OI-0000000704,Activated,04-09-2022,OAL-000223,"Boblingen, Germany",,IC-0000000419,NS-0000000421,SC-0000000654,,3.52E+14,IP Access,TRIAL Classic 50/10/UG,50,10,Gold,12,0,0,Site Connectivity MRC
901600000001099,ACC-DP-0000548,OneWeb Golden UT,DP-EC-0000044,One Web,OI-0000000357,Activated,2/24/2022,OAL-000128,Nuuk,,IC-0000000267,NS-0000000266,SC-0000000295,sprint.mnc060.mcc901.gprs,3.52E+14,IP Access,Classic 30/6/UG,30,6,Gold,7.2,0,0,Site Connectivity MRC
901600000001108,ACC-DP-0000546,OneWeb UT,DP-EC-0000367,Telespazio France,OI-0000000769,Activated,4/26/2022,OAL-000239,Telespazio France office,,IC-0000000717,NS-0000000716,SC-0000000719,,3.52E+14,IP Access,Trial Entry 75/15/500B,75,15,Bronze,0,0,0,Site Connectivity MRC
901600000001118,ACC-DP-0000546,OneWeb UT,DP-EC-0000280,Shared Services Canada - RCMP,OI-0000000602,Activated,3/16/2022,OAL-000187,Technical Operations,,IC-0000000565,NS-0000000564,SC-0000000567,cbh.customer.mnc060.mcc901.gprs,3.52E+14,IP Access,TRIAL Classic 50/10/UG,50,10,Gold,12,0,0,Site Connectivity MRC
901600000001120,ACC-DP-0000546,OneWeb UT,DP-EC-0000045,OneWeb,OI-0000000532,Activated,03-08-2022,OAL-000173,OneWeb Office - Anchorage,,IC-0000000501,NS-0000000500,SC-0000000497,cbh.customer.mnc060.mcc901.gprs,3.52E+14,IP Access,Entry 75/15/500B,75,15,Bronze,0,0,0,Site Connectivity MRC
901600000001122,ACC-DP-0000546,OneWeb UT,DP-EC-0000258,Galaxy - AE Meliadine UT 2 (VV Testing),OI-0000000546,Activated,03-08-2022,OAL-000172,Galaxy - AE Meliadine Mine Site,,IC-0000000509,NS-0000000508,SC-0000000511,cbh.customer.mnc060.mcc901.gprs,3.52E+14,IP Access,TRIAL Classic 75/15/UG,75,15,Gold,18,0,0,Site Connectivity MRC
901600000001133,ACC-DP-0000546,OneWeb UT,DP-EC-0000306,Northwestel - Yellowknife 3,OI-0000000702,Activated,04-06-2022,OAL-000210,Yellowknife 3,,IC-0000000215,NS-0000000217,SC-0000000652,,3.52E+14,IP Access,TRIAL Classic 75/15/UG,75,15,Gold,18,0,0,Site Connectivity MRC
901600000001134,ACC-DP-0000225,TrustComm d/b/a OneWeb Technologies,DP-EC-0000304,20124483-3,OI-0000000696,Activated,04-01-2022,OAL-000206,"Lask, Poland",,IC-0000000419,NS-0000000421,SC-0000000646,,3.52E+14,IP Access,TRIAL Classic 50/10/UG,50,10,Gold,12,0,0,Site Connectivity MRC
901600000001142,ACC-DP-0000319,Alaska Communications Internet LLC,DP-EC-0000124,ORD-84582-X4W0Y5,OI-0000000795,Activated,05-02-2022,OAL-000242,King Cove 35696669,,IC-0000000123,NS-0000000125,SC-0000000745,,3.52E+14,IP Access,Classic 15/3/UG,15,3,Gold,3.6,0,0,Site Connectivity MRC
901600000001143,ACC-DP-0000549,OneWeb UT - Hughes,DP-EC-0000046,OneWeb,OI-0000000444,Activated,2/24/2022,OAL-000160,Svalbard,,IC-0000000350,NS-0000000349,SC-0000000409,sprint.mnc060.mcc901.gprs,3.52E+14,IP Access,Classic 50/10/UG,50,10,Gold,12,0,0,Site Connectivity MRC
901600000001146,ACC-DP-0000549,OneWeb UT - Hughes,DP-EC-0000046,OneWeb,OI-0000000450,Activated,2/24/2022,OAL-000159,Svalbard,,IC-0000000350,NS-0000000349,SC-0000000415,sprint.mnc060.mcc901.gprs,3.52E+14,IP Access,Classic 50/10/UG,50,10,Gold,12,0,0,Site Connectivity MRC
901600000001156,ACC-DP-0000319,Alaska Communications Internet LLC,DP-EC-0000305,ORD-76450-X2M2K0,OI-0000000762,Activated,4/17/2022,OAL-000222,Noatak,,IC-0000000123,NS-0000000125,SC-0000000712,,3.52E+14,IPVPN,Dedicated 100/20/UP,100,20,Palladium,60,24,36,Site Connectivity MRC
901600000001165,ACC-DP-0000546,OneWeb UT,DP-EC-0000184,NorthwesTel - Yellowknife 1,OI-0000000338,Activated,02-10-2022,OAL-000134,Yellowknife 1,,IC-0000000215,NS-0000000217,SC-0000000276,cbh.customer.mnc060.mcc901.gprs,3.52E+14,IP Access,Classic 75/15/UG,75,15,Gold,18,0,0,Site Connectivity MRC
901600000001181,ACC-DP-0000546,OneWeb UT,DP-EC-0000254,Galaxy - Pipestone 2,OI-0000000486,Activated,03-04-2022,OAL-000167,Pipestone mine site 2,,IC-0000000449,NS-0000000448,SC-0000000451,cbh.customer.mnc060.mcc901.gprs,3.52E+14,IP Access,TRIAL Classic 75/15/UG,75,15,Gold,18,0,0,Site Connectivity MRC
901600000001191,ACC-DP-0000319,Alaska Communications Internet LLC,DP-EC-0000305,ORD-76450-X2M2K0,OI-0000000756,Activated,4/17/2022,OAL-000218,Kobuk,,IC-0000000123,NS-0000000125,SC-0000000706,,3.52E+14,IPVPN,Dedicated 75/15/UP,75,15,Palladium,45,18,27,Site Connectivity MRC
901600000001194,ACC-DP-0000319,Alaska Communications Internet LLC,DP-EC-0000305,ORD-76450-X2M2K0,OI-0000000754,Activated,4/17/2022,OAL-000217,Kivalina,,IC-0000000123,NS-0000000125,SC-0000000704,,3.52E+14,IPVPN,Dedicated 75/15/UP,75,15,Palladium,45,18,27,Site Connectivity MRC
901600000001199,ACC-DP-0000319,Alaska Communications Internet LLC,DP-EC-0000285,ORD-105027-L5Y1D,OI-0000000805,Pending,,OAL-000243,Crooked Creek Mine,,IC-0000000123,NS-0000000125,SC-0000000753,,3.52E+14,IP Access,Classic 50/10/UG,50,10,Gold,12,0,0,Site Connectivity MRC
901600000001203,ACC-DP-0000546,OneWeb UT,DP-EC-0000253,Galaxy - Pipestone 1,OI-0000000493,Activated,03-04-2022,OAL-000166,Pipestone mine site,,IC-0000000456,NS-0000000455,SC-0000000458,cbh.customer.mnc060.mcc901.gprs,3.52E+14,IP Access,TRIAL Classic 75/15/UG,75,15,Gold,18,0,0,Site Connectivity MRC
901600000001212,ACC-DP-0000546,OneWeb UT,DP-EC-0000431,KuSat - Ivujivik School,OI-0000000856,Activated,5/24/2022,OAL-000265,KuSat - Ivujivik School,,IC-0000000456,NS-0000000455,SC-0000000795,,3.52E+14,IP Access,TRIAL Classic 75/15/UG,75,15,Gold,18,0,0,Site Connectivity MRC
901600000001222,ACC-DP-0000225,TrustComm d/b/a OneWeb Technologies,DP-EC-0000021,OWT-DP1,OI-0000000209,Activated,12/21/2021,OAL-000081,DP1-Dulles,,IC-0000000126,NS-0000000128,SC-0000000152,trustcomm.ba.mnc060.mcc901.gprs,3.52E+14,IP Access,Trial IPC 75/15/UPD,75,15,Palladium,90,0,0,Site Connectivity MRC
901600000001232,ACC-DP-0000319,Alaska Communications Internet LLC,DP-EC-0000123,ORD-84394-B2Q4C5,OI-0000000466,Activated,2/25/2022,OAL-000147,Unalaska 35706645,,IC-0000000123,NS-0000000125,SC-0000000431,acs.ba.mnc060.mcc901.gprs,3.52E+14,IP Access,TRIAL Classic 50/10/UG,50,10,Gold,12,0,0,Site Connectivity MRC
901600000001240,ACC-DP-0000546,OneWeb UT,DP-EC-0000329,NorthwesTel - Diavik Mine Site,OI-0000000719,Activated,4/14/2022,OAL-000229,NorthwesTel - Diavik Mine Site,,IC-0000000215,NS-0000000217,SC-0000000669,,3.52E+14,IP Access,TRIAL Classic 75/15/UG,75,15,Gold,18,0,0,Site Connectivity MRC
901600000001244,ACC-DP-0000319,Alaska Communications Internet LLC,DP-EC-0000086,ORD-80834-J7G6C7,OI-0000000837,Pending,,OAL-000099,Crooked Creek,,IC-0000000123,NS-0000000125,SC-0000000778,,3.52E+14,IP Access,Classic 50/10/UG,50,10,Gold,12,0,0,Site Connectivity MRC
901600000001246,ACC-DP-0000679,OneWeb UT Team,DP-EC-0000321,OneWeb,OI-0000000732,Activated,4/20/2022,OAL-000236,Westcott,,IC-0000000673,NS-0000000675,SC-0000000682,,3.52E+14,IP Access,Entry 75/15/500B,75,15,Bronze,0,0,0,Site Connectivity MRC
901600000001248,ACC-DP-0000341,Pacific Dataport Inc,DP-EC-0000014,PDI EC Test,OI-0000000190,Activated,12-10-2021,OAL-000073,ANC,,IC-0000000120,NS-0000000122,SC-0000000133,pdi.ba.mnc060.mcc901.gprs,3.52E+14,IP Access,Trial PDI-IPC 75/15/UPD,75,15,Palladium,90,0,0,Site Connectivity MRC
901600000001249,ACC-DP-0000546,OneWeb UT,DP-EC-0000185,NorthwesTel - Yellowknife 2,OI-0000000340,Activated,02-10-2022,OAL-000135,Yellowknife 2,,IC-0000000215,NS-0000000217,SC-0000000278,cbh.customer.mnc060.mcc901.gprs,3.52E+14,IP Access,Classic 75/15/UG,75,15,Gold,18,0,0,Site Connectivity MRC
901600000001255,ACC-DP-0000546,OneWeb UT,DP-EC-0000279,Shared Services Canada - Department of National Defence,OI-0000000597,Activated,3/16/2022,OAL-000186,Department of National Defence,,IC-0000000560,NS-0000000559,SC-0000000562,cbh.customer.mnc060.mcc901.gprs,3.52E+14,IP Access,TRIAL Classic 50/10/UG,50,10,Gold,12,0,0,Site Connectivity MRC
901600000001260,ACC-DP-0000546,OneWeb UT,DP-EC-0000292,Galaxy - Vale,OI-0000000637,Activated,3/31/2022,OAL-000191,Galaxy - Vale mine site,,IC-0000000597,NS-0000000596,SC-0000000599,,3.52E+14,IP Access,TRIAL Classic 75/15/UG,75,15,Gold,18,0,0,Site Connectivity MRC
901600000001264,ACC-DP-0000546,OneWeb UT,DP-EC-0000330,Galaxy - Mississauga office,OI-0000000721,Activated,4/14/2022,OAL-000230,Galaxy - Mississauga office,,IC-0000000456,NS-0000000455,SC-0000000671,,3.52E+14,IP Access,TRIAL Classic 75/15/UG,75,15,Gold,18,0,0,Site Connectivity MRC
901600000001266,ACC-DP-0000546,OneWeb UT,DP-EC-0000387,Tusass,OI-0000000789,Activated,05-05-2022,OAL-000245,Tusass Test Nuuk,,IC-0000000742,NS-0000000744,SC-0000000739,,3.52E+14,IP Access,Trial Entry 75/15/500B,75,15,Bronze,0,0,0,Site Connectivity MRC
901600000001273,ACC-DP-0000225,TrustComm d/b/a OneWeb Technologies,DP-EC-0000314,20124469,OI-0000000715,Activated,04-12-2022,OAL-000227,"Biddinghuizen, NE",,IC-0000000419,NS-0000000421,SC-0000000665,,3.52E+14,IP Access,TRIAL Classic 50/10/UG,50,10,Gold,12,0,0,Site Connectivity MRC
901600000001275,ACC-DP-0000341,Pacific Dataport Inc,DP-EC-0000056,ASTA,OI-0000000194,Activated,12/21/2021,OAL-000075,ANC,,IC-0000000120,NS-0000000122,SC-0000000137,pdi.ba.mnc060.mcc901.gprs,3.52E+14,IP Access,Trial PDI-IPC 75/15/UPD,75,15,Palladium,90,0,0,Site Connectivity MRC
901600000001282,ACC-DP-0000546,OneWeb UT,DP-EC-0000250,NorthwesTel - Iqaluit 2,OI-0000000479,Activated,03-03-2022,OAL-000164,Iqaluit 2,,IC-0000000442,NS-0000000441,SC-0000000444,cbh.customer.mnc060.mcc901.gprs,3.52E+14,IP Access,TRIAL Classic 75/15/UG,75,15,Gold,18,0,0,Site Connectivity MRC
901600000001284,ACC-DP-0000319,Alaska Communications Internet LLC,DP-EC-0000305,ORD-76450-X2M2K0,OI-0000000748,Activated,4/17/2022,OAL-000214,Buckland,,IC-0000000123,NS-0000000125,SC-0000000698,,3.52E+14,IPVPN,Dedicated 100/20/UP,100,20,Palladium,60,24,36,Site Connectivity MRC
901600000001286,ACC-DP-0000546,OneWeb UT,DP-EC-0000328,NorthwesTel - Ekati Mine Site,OI-0000000717,Activated,4/14/2022,OAL-000228,Northwestel - Ekati Mine Site,,IC-0000000215,NS-0000000217,SC-0000000667,,3.52E+14,IP Access,TRIAL Classic 75/15/UG,75,15,Gold,18,0,0,Site Connectivity MRC
901600000001287,ACC-DP-0000546,OneWeb UT,DP-EC-0000252,Kyndryl - AR Test 2,OI-0000000481,Activated,03-08-2022,OAL-000165,Regina AR Test 2,,IC-0000000212,NS-0000000214,SC-0000000446,cbh.customer.mnc060.mcc901.gprs,3.52E+14,IP Access,TRIAL Classic 75/15/UG,75,15,Gold,18,0,0,Site Connectivity MRC
901600000001289,ACC-DP-0000112,Galaxy Broadband Communications Inc,DP-EC-0000047,Galaxy Broadband,OI-0000000188,Activated,12/23/2021,OAL-000066,Galaxy Edmonton,,IC-0000000129,NS-0000000130,SC-0000000131,,3.52E+14,IP Access,Trial GBA-ENT 50/10US (Unlimited Silver),50,10,Silver,6,0,0,Site Connectivity MRC
901600000001292,ACC-DP-0000225,TrustComm d/b/a OneWeb Technologies,DP-EC-0000197,20124475,OI-0000000382,Activated,2/17/2022,OAL-000146,Prudhoe,,IC-0000000160,NS-0000000162,SC-0000000320,owt.ipa.mnc060.mcc901.gprs,3.52E+14,IP Access,TRIAL Classic 50/10/UG,50,10,Gold,12,0,0,Site Connectivity MRC
901600000001293,ACC-DP-0000042,AST 5G Ltd,DP-EC-0000039,Q-00000107 EC,OI-0000000166,Activated,12/18/2021,OAL-000064,AST Ref UT - GY Roof,,IC-0000000103,NS-0000000105,SC-0000000109,ast.ba.mnc060.mcc901.gprs,3.52E+14,IP Access,Trial AST5G-ENT 125/25/500B,125,25,Bronze,0,0,0,Site Connectivity MRC
901600000001299,ACC-DP-0000341,Pacific Dataport Inc,DP-EC-0000066,Akiak,OI-0000000198,Activated,12-10-2021,OAL-000080,AKIUS1 Beta,,IC-0000000120,NS-0000000122,SC-0000000141,pdi.ba.mnc060.mcc901.gprs,3.52E+14,IP Access,Trial PDI-IPC 75/15/UPD,75,15,Palladium,90,0,0,Site Connectivity MRC
901600000001309,ACC-DP-0000225,TrustComm d/b/a OneWeb Technologies,DP-EC-0000381,20124579-1,OI-0000000807,Activated,5/13/2022,OAL-000253,"Wheeling, WV",,IC-0000000126,NS-0000000128,SC-0000000755,,3.52E+14,IP Access,Entry 50/10/250B,50,10,Bronze,0,0,0,Site Connectivity MRC
901600000001311,ACC-DP-0000341,Pacific Dataport Inc,DP-EC-0000071,NNK,OI-0000000196,Activated,12/21/2021,OAL-000083,CCH-NNK,,IC-0000000120,NS-0000000122,SC-0000000139,pdi.ba.mnc060.mcc901.gprs,3.52E+14,IP Access,Trial PDI-IPC 75/15/UPD,75,15,Palladium,90,0,0,Site Connectivity MRC
901600000001315,ACC-DP-0000319,Alaska Communications Internet LLC,DP-EC-0000041,ORD-80613-T9C8Y4,OI-0000000826,Pending,,OAL-000097,King Salmon,,IC-0000000123,NS-0000000125,SC-0000000767,,3.52E+14,IP Access,Classic 25/5/UG,25,5,Gold,6,0,0,Site Connectivity MRC
901600000001316,ACC-DP-0000022,Marlink AS,DP-EC-0000225,Marlink AS,OI-0000000468,Activated,03-04-2022,OAL-000162,Eik Teleport,,IC-0000000418,NS-0000000417,SC-0000000433,marlink.ipa.mnc060.mcc901.gprs,3.52E+14,IP Access,MARLINKTEST Entry 75/15/500B,75,15,Bronze,0,0,0,Site Connectivity MRC
901600000001322,ACC-DP-0000546,OneWeb UT,DP-EC-0000126,NorthwesTel training & demo system,OI-0000000279,Activated,1/24/2022,OAL-000110,NorthwesTel Whitehorse site UT#1,,IC-0000000215,NS-0000000217,SC-0000000218,cbh.customer.mnc060.mcc901.gprs,3.52E+14,IP Access,Classic 75/15/UG,75,15,Gold,18,0,0,Site Connectivity MRC
901600000001334,ACC-DP-0000225,TrustComm d/b/a OneWeb Technologies,DP-EC-0000069,Customer 38,OI-0000000213,Activated,12/15/2021,OAL-000089,38 Special,,IC-0000000126,NS-0000000128,SC-0000000156,trustcomm.ba.mnc060.mcc901.gprs,3.52E+14,IP Access,Trial IPC 75/15/UPD,75,15,Palladium,90,0,0,Site Connectivity MRC
901600000001336,ACC-DP-0000341,Pacific Dataport Inc,DP-EC-0000073,ERA,OI-0000000207,Activated,12/13/2021,OAL-000085,DUT1-ERA,,IC-0000000120,NS-0000000122,SC-0000000150,pdi.ba.mnc060.mcc901.gprs,3.52E+14,IP Access,Trial PDI-IPC 75/15/UPD,75,15,Palladium,90,0,0,Site Connectivity MRC
901600000001339,ACC-DP-0000546,OneWeb UT,DP-EC-0000413,Clarus - HQ,OI-0000000851,Pending,,OAL-000261,Clarus HQ,,IC-0000000386,NS-0000000385,SC-0000000790,,3.52E+14,IP Access,Trial Entry 75/15/500B,75,15,Bronze,0,0,0,Site Connectivity MRC
901600000001351,ACC-DP-0000546,OneWeb UT,DP-EC-0000215,Softbank Komatsu,OI-0000000369,Activated,2/21/2022,OAL-000139,Softbank - Komatsu UK Durham,,IC-0000000310,NS-0000000309,SC-0000000307,cbh.customer.mnc060.mcc901.gprs,3.52E+14,IP Access,Classic 75/15/UG,75,15,Gold,18,0,0,Site Connectivity MRC
901600000001351,ACC-DP-0000546,OneWeb UT,DP-EC-0000215,Softbank Komatsu,OI-0000000627,Cancelled,,OAL-000139,Softbank - Komatsu UK Durham,,IC-0000000310,NS-0000000309,SC-0000000307,,3.52E+14,IP Access,Classic 75/15/UG,75,15,Gold,18,0,0,Site Connectivity MRC
901600000001353,ACC-DP-0000549,OneWeb UT - Hughes,DP-EC-0000046,OneWeb,OI-0000000559,Activated,3/14/2022,OAL-000175,Lake Forest,,IC-0000000522,NS-0000000521,SC-0000000524,sprint.mnc060.mcc901.gprs,3.52E+14,IP Access,Classic 50/10/UG,50,10,Gold,12,0,0,Site Connectivity MRC
901600000001356,ACC-DP-0000546,OneWeb UT,DP-EC-0000249,NorthwesTel - Iqaluit 1,OI-0000000474,Activated,03-03-2022,OAL-000163,Iqaluit 1,,IC-0000000437,NS-0000000436,SC-0000000439,cbh.customer.mnc060.mcc901.gprs,3.52E+14,IP Access,TRIAL Classic 75/15/UG,75,15,Gold,18,0,0,Site Connectivity MRC
901600000001362,ACC-DP-0000548,OneWeb Golden UT,DP-EC-0000044,One Web,OI-0000000316,Activated,2/24/2022,OAL-000122,London,,IC-0000000251,NS-0000000253,SC-0000000254,sprint.mnc060.mcc901.gprs,3.52E+14,IP Access,Classic 30/6/UG,30,6,Gold,7.2,0,0,Site Connectivity MRC
901600000001366,ACC-DP-0000548,OneWeb Golden UT,DP-EC-0000044,One Web,OI-0000000403,Activated,2/24/2022,OAL-000153,Clewiston,,IC-0000000339,NS-0000000338,SC-0000000341,cbh.customer.mnc060.mcc901.gprs,3.52E+14,IP Access,Classic 30/6/UG,30,6,Gold,7.2,0,0,Site Connectivity MRC
901600000001380,ACC-DP-0000679,OneWeb UT Team,DP-EC-0000321,OneWeb,OI-0000000729,Activated,4/20/2022,OAL-000235,Westcott,,IC-0000000673,NS-0000000675,SC-0000000679,,3.52E+14,IP Access,Entry 75/15/500B,75,15,Bronze,0,0,0,Site Connectivity MRC
901600000001380,ACC-DP-0000679,OneWeb UT Team,DP-EC-0000321,OneWeb,OI-0000000813,Pending,,OAL-000235,Westcott,,IC-0000000673,NS-0000000675,SC-0000000679,,3.52E+14,IP Access,Entry 75/15/500B,75,15,Bronze,0,0,0,Site Connectivity MRC
901600000001380,ACC-DP-0000546,OneWeb UT,DP-EC-0000255,BT GS,OI-0000000498,Activated,03-04-2022,OAL-000168,BT Adastral,,IC-0000000461,NS-0000000460,SC-0000000463,cbh.customer.mnc060.mcc901.gprs,3.52E+14,IP Access,Trial Entry 75/15/500B,75,15,Bronze,0,0,0,Site Connectivity MRC
901600000001384,ACC-DP-0000225,TrustComm d/b/a OneWeb Technologies,DP-EC-0000021,OWT-DP1,OI-0000000224,Activated,01-11-2022,OAL-000092,OWT DP1-AK3,,IC-0000000160,NS-0000000162,SC-0000000167,owt.ipa.mnc060.mcc901.gprs,3.52E+14,IP Access,Trial IPC 75/15/UPD,75,15,Palladium,90,0,0,Site Connectivity MRC
901600000001385,ACC-DP-0000225,TrustComm d/b/a OneWeb Technologies,DP-EC-0000382,20124515-1,OI-0000000811,Activated,5/18/2022,OAL-000255,"Redmond, WA",,IC-0000000160,NS-0000000162,SC-0000000759,,3.52E+14,IP Access,TRIAL Classic 50/10/UG,50,10,Gold,12,0,0,Site Connectivity MRC
901600000001385,ACC-DP-0000225,TrustComm d/b/a OneWeb Technologies,DP-EC-0000121,El Camino,OI-0000000819,Pending,,OAL-000108,Carlsbad,,IC-0000000160,NS-0000000162,SC-0000000242,,3.52E+14,IP Access,Trial IPC 75/15/UPD,75,15,Palladium,90,0,0,Site Connectivity MRC
901600000001385,ACC-DP-0000225,TrustComm d/b/a OneWeb Technologies,DP-EC-0000121,El Camino,OI-0000000303,Activated,2/20/2022,OAL-000108,Carlsbad,,IC-0000000160,NS-0000000162,SC-0000000242,owt.ipa.mnc060.mcc901.gprs,3.52E+14,IP Access,Trial IPC 75/15/UPD,75,15,Palladium,90,0,0,Site Connectivity MRC
901600000001396,ACC-DP-0000225,TrustComm d/b/a OneWeb Technologies,DP-EC-0000063,SJA,OI-0000000237,Activated,12/15/2021,OAL-000088,SJA Germany,,IC-0000000178,NS-0000000177,SC-0000000180,cbh.customer.mnc060.mcc901.gprs,3.52E+14,IP Access,Trial IPC 75/15/UPD,75,15,Palladium,90,0,0,Site Connectivity MRC
901600000001399,ACC-DP-0000546,OneWeb UT,DP-EC-0000045,OneWeb,OI-0000000408,Activated,2/24/2022,OAL-000151,OneWeb Office - Anchorage,,IC-0000000344,NS-0000000343,SC-0000000346,cbh.customer.mnc060.mcc901.gprs,3.52E+14,IP Access,Entry 75/15/500B,75,15,Bronze,0,0,0,Site Connectivity MRC
901600000001399,ACC-DP-0000546,OneWeb UT,DP-EC-0000045,OneWeb,OI-0000000406,Activated,2/25/2022,OAL-000151,OneWeb Office - Anchorage,,IC-0000000344,,,,3.52E+14,,Test Internet,,,,,,,Interconnect
901600000001400,ACC-DP-0000225,TrustComm d/b/a OneWeb Technologies,DP-EC-0000163,20124467-2,OI-0000000351,Activated,02-07-2022,OAL-000130,Hagerstown-2,,IC-0000000126,NS-0000000128,SC-0000000289,trustcomm.ba.mnc060.mcc901.gprs,3.52E+14,IP Access,TRIAL Classic 50/10/UG,50,10,Gold,12,0,0,Site Connectivity MRC
