Account,End Customer Name,Site Name,IMSI,IMEI,APN,Attribute Value: FWD,Attribute Value: RTN,Attribute Value: AF,Attribute Value: AF FWD,Attribute Value: AF RTN,Attribute Value: EF,Attribute Value: EF RTN,Attribute Value: EF FWD,Attribute Value: BE,Attribute Value: BE FWD,Attribute Value: BE RTN,Attribute Value: Service Grade,Geolocation,Order: Order Number,Order Line Item: Line Item Id,Site Connectivity ID,Network Slice ID,Interconnect ID,Product,Static IP Address,Attribute Value: Site Connectivity,Network Slice ID,Actual Activation Date,Target Activation Date,Selling Term,Attribute Value: Budgeted Mbps
TrustComm d/b/a OneWeb Technologies,OWT-DP1,DP1-Dulles,901600000000107,351554110000909,trustcomm.ba.mnc060.mcc901.gprs,75,15,0,0,0,0,0,0,90,75,15,Palladium,"39.023, -77.4106",O-00000053,OI-0000000209,SC-0000000152,NS-0000000128,IC-0000000126,Trial IPC 75/15/UPD,,IP Access,Network Slice,"21/12/2021, 19:15",27-10-2021,3,90
Pacific Dataport Inc,NET,SYA1-NET,901600000000901,35155411002055,pdi.ba.mnc060.mcc901.gprs,75,15,0,0,0,0,0,0,90,75,15,Palladium,"52.7235, -174.1126",O-00000068,OI-0000000267,SC-0000000206,NS-0000000122,IC-0000000120,Trial PDI-IPC 75/15/UPD,,IP Access,Network Slice,"22/01/2022, 00:00",30-12-2021,2,90
OneWeb UT,BT GS,BT Adastral,901600000001327,351554110001915,cbh.customer.mnc060.mcc901.gprs,75,15,0,0,0,0,0,0,0,0,0,Bronze,"52.06007055265902, 1.280551696734517",O-00000148,OI-0000000498,SC-0000000463,NS-0000000460,IC-0000000461,Trial Entry 75/15/500B,,IP Access,Network Slice,"04/03/2022, 20:00",03-03-2022,3,4.76
Alaska Communications Internet LLC,ORD-99393-M5F9G5,Red Dog Port,901600000001081,351554110002962,acs.ba.mnc060.mcc901.gprs,75,15,27,22.5,4.5,18,9,9,45,37.5,7.5,Palladium,"67.577846, -164.057884",O-00000221,OI-0000000781,SC-0000000731,NS-0000000125,IC-0000000123,Dedicated 75/15/UP,,IPVPN,Network Slice,,05-05-2022,12,90
Marlink AS,Marlink AS,ITC,901600000000671,351554110010882,marlink.ipa.mnc060.mcc901.gprs,75,15,0,0,0,0,0,0,0,0,0,Bronze,"57.1423261, -2.1501055",O-00000186,OI-0000000664,SC-0000000624,NS-0000000417,IC-0000000418,MARLINKTEST Entry 75/15/500B,10.25.1.1,IP Access,Network Slice,"29/03/2022, 19:00",28-03-2022,3,4.76
Marlink AS,Marlink AS,Eik Teleport,901600000001316,351554110002467,marlink.ipa.mnc060.mcc901.gprs,75,15,0,0,0,0,0,0,0,0,0,Bronze,"58.538309, 6.467338",O-00000141,OI-0000000468,SC-0000000433,NS-0000000417,IC-0000000418,MARLINKTEST Entry 75/15/500B,,IP Access,Network Slice,"04/03/2022, 20:00",24-02-2022,3,4.76
AST 5G Ltd,AST,Bawburgh Test Terminal 2,901600000000916,351554110010551,ast.ba.mnc060.mcc901.gprs,75,15,0,0,0,9,4.5,4.5,9,7.5,1.5,Silver,"52.634825, 1.202711",O-00000183,OI-0000000654,SC-0000000616,NS-0000000105,IC-0000000103,TRIAL AST5G OCEAN 75/15/2500S,10.224.16.3,Business Access,Network Slice,"24/03/2022, 12:00",24-03-2022,3,11.9
AST 5G Ltd,AST,Bawburgh Test Terminal 1,901600000000945,351554110010544,ast.ba.mnc060.mcc901.gprs,100,20,0,,,0,,,12,,,Bronze,"52.634825, 1.202711",O-00000095,OI-0000000361,SC-0000000299,NS-0000000105,IC-0000000103,TRIAL AST5G OCEAN CREW 100/20/3000B,10.224.16.2,IP Access,Network Slice,"10/02/2022, 09:30",10-02-2022,3,
AST 5G Ltd,Q-00000107 EC,AST Ref UT - GY Roof,901600000001293,351554110000602,ast.ba.mnc060.mcc901.gprs,125,25,0,0,0,0,0,0,0,0,0,Bronze,"52.59215, 1.71228",O-00000039,OI-0000000166,SC-0000000109,NS-0000000105,IC-0000000103,Trial AST5G-ENT 125/25/500B,1,IP Access,Network Slice,"18/12/2021, 20:00",12-11-2021,60,4.76
Galaxy Broadband Communications Inc,DeBeers Gahcho Kue,DeBeers Gahcho Kue mine site,901600000001045,351554110003424,galaxy.ipa.mnc060.mcc901.gprs,150,30,0,0,0,27,13.5,13.5,36,30,6,Gold,"63.4347, -109.2005528",O-00000236,OI-0000000823,SC-0000000551,NS-0000000328,IC-0000000329,TRIAL GBC ENT+ 150/30/UG,199.182.119.253,Business Access,Network Slice,"17/05/2022, 11:00",18-05-2022,3,63
Galaxy Broadband Communications Inc,DeBeers Gahcho Kue,DeBeers Gahcho Kue mine site,901600000001045,351554110003424,galaxy.ipa.mnc060.mcc901.gprs,75,15,0,0,0,0,0,0,18,15,3,Gold,"63.4347, -109.2005528",O-00000167,OI-0000000586,SC-0000000551,NS-0000000328,IC-0000000329,TRIAL Classic 75/15/UG,199.182.119.253,IP Access,Network Slice,"21/03/2022, 12:00",21-03-2022,3,18
Galaxy Broadband Communications Inc,DeBeers Gahcho Kue,DeBeers Gahcho Kue mine site,901600000001045,351554110003424,galaxy.ipa.mnc060.mcc901.gprs,75,15,0,0,0,0,0,0,18,15,3,Gold,"63.4347, -109.2005528",O-00000236,OI-0000000821,SC-0000000551,NS-0000000328,IC-0000000329,TRIAL Classic 75/15/UG,199.182.119.253,IP Access,Network Slice,,21-03-2022,1.74194,18
Galaxy Broadband Communications Inc,Galaxy Broadband,Galaxy Edmonton,901600000001289,351554110000974,galaxy.ipa.mnc060.mcc901.gprs,50,10,0,0,0,0,0,0,6,5,1,Silver,"53.51357, -113.43428",O-00000044,OI-0000000188,SC-0000000131,NS-0000000130,IC-0000000129,Trial GBA-ENT 50/10US (Unlimited Silver),,IP Access,Network Slice,"23/12/2021, 19:00",17-11-2021,1,12
TrustComm d/b/a OneWeb Technologies,20124495-5,"Dulles, Va",901600000001054,351554110003366,owt.ipa.mnc060.mcc901.gprs,50,10,0,0,0,0,0,0,12,10,2,Gold,"39.03, -77.41",O-00000244,OI-0000000844,SC-0000000785,NS-0000000128,IC-0000000126,TRIAL Classic 50/10/UG,10.77.0.11,IP Access,Network Slice,"23/05/2022, 19:00",23-05-2022,1,12
TrustComm d/b/a OneWeb Technologies,20124467-2,Hagerstown-2,901600000001400,351554110001428,owt.ipa.mnc060.mcc901.gprs,50,10,0,0,0,0,0,0,12,10,2,Gold,"39.59, -77.75",O-00000090,OI-0000000351,SC-0000000289,NS-0000000128,IC-0000000126,TRIAL Classic 50/10/UG,,IP Access,Network Slice,"07/02/2022, 20:00",07-02-2022,3,12
TrustComm d/b/a OneWeb Technologies,20124467-1,Hagerstown-1,901600000000122,351554110001436,owt.ipa.mnc060.mcc901.gprs,50,10,0,0,0,0,0,0,12,10,2,Gold,"39.59, -77.75",O-00000089,OI-0000000349,SC-0000000287,NS-0000000128,IC-0000000126,TRIAL Classic 50/10/UG,,IP Access,Network Slice,"07/02/2022, 19:15",07-02-2022,3,12
TrustComm d/b/a OneWeb Technologies,20124515-1,"Redmond, WA",901600000001385,351554110001295,owt.ipa.mnc060.mcc901.gprs,50,10,0,0,0,0,0,0,12,10,2,Gold,"47.42, -122.09",O-00000232,OI-0000000811,SC-0000000759,NS-0000000162,IC-0000000160,TRIAL Classic 50/10/UG,10.250.100.14,IP Access,Network Slice,"18/05/2022, 19:00",13-05-2022,3,12
TrustComm d/b/a OneWeb Technologies,20124475,Prudhoe,901600000001292,351554110001030,owt.ipa.mnc060.mcc901.gprs,50,10,0,0,0,0,0,0,12,10,2,Gold,"71.47, -148.37",O-00000102,OI-0000000382,SC-0000000320,NS-0000000162,IC-0000000160,TRIAL Classic 50/10/UG,10.252.16.100,IP Access,Network Slice,"17/02/2022, 14:15",16-02-2022,1,12
TrustComm d/b/a OneWeb Technologies,20124469,"Biddinghuizen, NE",901600000001273,351554110001154,owt.ipa.mnc060.mcc901.gprs,50,10,0,0,0,0,0,0,12,10,2,Gold,"52.46, 5.7",O-00000206,OI-0000000715,SC-0000000665,NS-0000000421,IC-0000000419,TRIAL Classic 50/10/UG,10.250.100.13,IP Access,Network Slice,"12/04/2022, 19:00",12-04-2022,3,12
TrustComm d/b/a OneWeb Technologies,20124483-4,"Boblingen, Germany",901600000001095,351554110003978,owt.ipa.mnc060.mcc901.gprs,50,10,0,0,0,0,0,0,12,10,2,Gold,"48.68, 9.04",O-00000201,OI-0000000704,SC-0000000654,NS-0000000421,IC-0000000419,TRIAL Classic 50/10/UG,10.250.100.12,IP Access,Network Slice,"09/04/2022, 19:00",09-04-2022,1,12
TrustComm d/b/a OneWeb Technologies,20124483-3,"Lask, Poland",901600000001134,351554110004042,owt.ipa.mnc060.mcc901.gprs,50,10,0,0,0,0,0,0,12,10,2,Gold,"51.55, 19.18",O-00000197,OI-0000000696,SC-0000000646,NS-0000000421,IC-0000000419,TRIAL Classic 50/10/UG,10.250.100.11,IP Access,Network Slice,"01/04/2022, 19:00",04-04-2022,3,12
TrustComm d/b/a OneWeb Technologies,20124483-2,"Å iauliai, Lithuania",901600000001003,351554110005346,owt.ipa.mnc060.mcc901.gprs,50,10,0,0,0,0,0,0,12,10,2,Gold,"55.56, 23.17",O-00000196,OI-0000000694,SC-0000000644,NS-0000000421,IC-0000000419,TRIAL Classic 50/10/UG,10.250.100.10,IP Access,Network Slice,"01/04/2022, 19:00",01-04-2022,3,12
TrustComm d/b/a OneWeb Technologies,L3HT,Salt Lake,901600000000108,351554110001352,owt.ipa.mnc060.mcc901.gprs,75,15,0,0,0,0,0,0,18,15,3,Gold,"40.76, -111.88",O-00000091,OI-0000000353,SC-0000000291,NS-0000000162,IC-0000000160,TRIAL Classic 75/15/UG,,IP Access,Network Slice,"20/02/2022, 20:00",20-02-2022,3,18
TrustComm d/b/a OneWeb Technologies,OWT Beta Test Terminal,Ft Belvoir Beta,901600000000086,351554110000891,owt.ipa.mnc060.mcc901.gprs,75,15,0,0,0,0,0,0,90,75,15,Palladium,"38.72, 77.15",O-00000056,OI-0000000215,SC-0000000158,NS-0000000128,IC-0000000126,Trial IPC 75/15/UPD,,IP Access,Network Slice,"21/12/2021, 11:00",04-10-2021,3,90
TrustComm d/b/a OneWeb Technologies,Customer 38,38 Special,901600000001334,351554110000560,owt.ipa.mnc060.mcc901.gprs,75,15,0,0,0,0,0,0,90,75,15,Palladium,"38.526, -77.444",O-00000055,OI-0000000213,SC-0000000156,NS-0000000128,IC-0000000126,Trial IPC 75/15/UPD,,IP Access,Network Slice,"15/12/2021, 00:00",12-08-2021,3,90
TrustComm d/b/a OneWeb Technologies,OWT,"Hagerstown, MD",901600000000053,351554110001287,owt.ipa.mnc060.mcc901.gprs,75,15,0,0,0,0,0,0,90,75,15,Palladium,"39.5992, -77.7592",O-00000054,OI-0000000211,SC-0000000154,NS-0000000128,IC-0000000126,Trial IPC 75/15/UPD,,IP Access,Network Slice,"17/12/2021, 15:30",24-10-2021,3,90
TrustComm d/b/a OneWeb Technologies,OWT-DP1,DP1-Dulles,901600000001222,351554110003937,owt.ipa.mnc060.mcc901.gprs,75,15,0,0,0,0,0,0,90,75,15,Palladium,"39.023, -77.4106",O-00000053,OI-0000000209,SC-0000000152,NS-0000000128,IC-0000000126,Trial IPC 75/15/UPD,,IP Access,Network Slice,"21/12/2021, 19:15",27-10-2021,3,90
TrustComm d/b/a OneWeb Technologies,El Camino,Carlsbad,901600000001385,351554110001295,owt.ipa.mnc060.mcc901.gprs,75,15,0,0,0,0,0,0,90,75,15,Palladium,"33.1591, -117.3431",O-00000235,OI-0000000819,SC-0000000242,NS-0000000162,IC-0000000160,Trial IPC 75/15/UPD,,IP Access,Network Slice,,20-02-2022,3.92143,90
TrustComm d/b/a OneWeb Technologies,El Camino,Carlsbad,901600000001385,351554110001295,owt.ipa.mnc060.mcc901.gprs,75,15,0,0,0,0,0,0,90,75,15,Palladium,"33.1591, -117.3431",O-00000077,OI-0000000303,SC-0000000242,NS-0000000162,IC-0000000160,Trial IPC 75/15/UPD,,IP Access,Network Slice,"20/02/2022, 20:00",20-02-2022,3,90
TrustComm d/b/a OneWeb Technologies,OWT-DP1,OWT DP1-AK1,901600000000171,351554110000826,owt.ipa.mnc060.mcc901.gprs,75,15,0,0,0,0,0,0,90,75,15,Palladium,"64.84041, -147.70238",O-00000057,OI-0000000220,SC-0000000163,NS-0000000162,IC-0000000160,Trial IPC 75/15/UPD,,IP Access,Network Slice,"11/01/2022, 17:00",15-12-2021,3,90
TrustComm d/b/a OneWeb Technologies,OWT-DP1,OWT DP1-AK3,901600000001384,351554110000578,owt.ipa.mnc060.mcc901.gprs,75,15,0,0,0,0,0,0,90,75,15,Palladium,"64.84041, -147.70238",O-00000059,OI-0000000224,SC-0000000167,NS-0000000162,IC-0000000160,Trial IPC 75/15/UPD,,IP Access,Network Slice,"11/01/2022, 19:45",15-11-2021,3,90
TrustComm d/b/a OneWeb Technologies,OWT-DP1,OWT DP1-AK2,901600000000177,351554110000735,owt.ipa.mnc060.mcc901.gprs,75,15,0,0,0,0,0,0,90,75,15,Palladium,"64.84041, -147.70238",O-00000058,OI-0000000222,SC-0000000165,NS-0000000162,IC-0000000160,Trial IPC 75/15/UPD,,IP Access,Network Slice,"11/01/2022, 19:45",15-11-2021,3,90
TrustComm d/b/a OneWeb Technologies,OWT Germany Demo,Stuttgart,901600000000080,351554110002004,owt.ipa.mnc060.mcc901.gprs,75,15,0,0,0,0,0,0,90,75,15,Palladium,"48.6819, 9.1996",O-00000062,OI-0000000239,SC-0000000182,NS-0000000177,IC-0000000178,Trial IPC 75/15/UPD,,IP Access,Network Slice,"21/12/2021, 19:45",01-12-2021,3,90
TrustComm d/b/a OneWeb Technologies,SJA,SJA Germany,901600000001396,351554110001139,owt.ipa.mnc060.mcc901.gprs,75,15,0,0,0,0,0,0,90,75,15,Palladium,"48.6819, 9.1996",O-00000061,OI-0000000237,SC-0000000180,NS-0000000177,IC-0000000178,Trial IPC 75/15/UPD,,IP Access,Network Slice,"15/12/2021, 20:00",01-12-2021,3,90
TrustComm d/b/a OneWeb Technologies,20124483,"Bodo, Norway",901600000000153,351554110001121,owt.ipa.mnc060.mcc901.gprs,75,15,0,0,0,0,0,0,90,75,15,Palladium,"67.16, 14.24",O-00000154,OI-0000000524,SC-0000000489,NS-0000000421,IC-0000000419,Trial IPC 75/15/UPD,,IP Access,Network Slice,"08/03/2022, 12:00",08-03-2022,1,90
TrustComm d/b/a OneWeb Technologies,20124579-1,"Wheeling, WV",901600000001309,351554110000750,owt.ipa.mnc060.mcc901.gprs,50,10,0,0,0,0,0,0,0,0,0,Bronze,"39.77, -80.69",O-00000231,OI-0000000807,SC-0000000755,NS-0000000128,IC-0000000126,Entry 50/10/250B,10.250.100.15,IP Access,Network Slice,"13/05/2022, 19:00",12-05-2022,12,2.38
Alaska Communications Internet LLC,ORD-84582-X4W0Y5,King Cove 35696669,901600000001142,351554110003176,acs.ba.mnc060.mcc901.gprs,15,3,0,0,0,0,0,0,3.6,3,0.6,Gold,"55.059239, -162.313686",O-00000226,OI-0000000795,SC-0000000745,NS-0000000125,IC-0000000123,Classic 15/3/UG,209.112.164.13,IP Access,Network Slice,"02/05/2022, 11:00",02-05-2022,12,3.6
Alaska Communications Internet LLC,ACS Test,Anchorage Demo,901600000000151,351554110001451,acs.ba.mnc060.mcc901.gprs,50,10,0,0,0,0,0,0,12,10,2,Gold,"61.186108, -149.870407",O-00000088,OI-0000000347,SC-0000000285,NS-0000000125,IC-0000000123,TRIAL AC Classic 50/10/UG,,IP Access,Network Slice,"09/02/2022, 20:00",26-01-2022,3,12
Alaska Communications Internet LLC,ORD-84394-B2Q4C5,Unalaska 35706645,901600000001232,351554110003903,acs.ba.mnc060.mcc901.gprs,50,10,0,0,0,0,0,0,12,10,2,Gold,"53.878332, -166.539919",O-00000140,OI-0000000466,SC-0000000431,NS-0000000125,IC-0000000123,TRIAL Classic 50/10/UG,209.112.164.7,IP Access,Network Slice,"25/02/2022, 20:00",18-02-2022,3,12
Alaska Communications Internet LLC,ORD-107927-C5G3M9,Aniak,901600000000168,351554110001717,acs.ba.mnc060.mcc901.gprs,25,5,0,0,0,0,0,0,6,5,1,Gold,"61.5806, -159.5341",O-00000224,OI-0000000787,SC-0000000737,NS-0000000125,IC-0000000123,Classic 25/5/UG,209.112.164.23,IP Access,Network Slice,,30-05-2022,12,6
Alaska Communications Internet LLC,ORD-80613-T9C8Y4,King Salmon,901600000001315,351554110000834,acs.ba.mnc060.mcc901.gprs,25,5,0,0,0,0,0,0,6,5,1,Gold,"58.728068, -156.816433",O-00000237,OI-0000000826,SC-0000000767,NS-0000000125,IC-0000000123,Classic 25/5/UG,,IP Access,Network Slice,,05-05-2022,12,6
Alaska Communications Internet LLC,ORD-80838-Z3F5Y5,Saint Michael,,,,5,1,0,0,0,0,0,0,1.2,1,0.2,Gold,"63.477604, -162.029916",O-00000242,OI-0000000839,SC-0000000780,NS-0000000125,IC-0000000123,Classic 5/1/UG,,IP Access,Network Slice,,10-06-2022,12,1.2
Alaska Communications Internet LLC,ORD-99393-M5F9G5,Red Dog Port,901600000000877,351554110020592,acs.ba.mnc060.mcc901.gprs,75,15,27,22.5,4.5,18,9,9,45,37.5,7.5,Palladium,"67.577846, -164.057884",O-00000221,OI-0000000781,SC-0000000731,NS-0000000125,IC-0000000123,Dedicated 75/15/UP,209.112.164.21,IPVPN,Network Slice,"05/05/2022, 09:15",05-05-2022,12,90
Alaska Communications Internet LLC,ORD-76450-X2M2K0,Kobuk,901600000001191,351554110003218,acs.ba.mnc060.mcc901.gprs,75,15,27,22.5,4.5,18,9,9,45,37.5,7.5,Palladium,"66.90775, -156.882583",O-00000215,OI-0000000756,SC-0000000706,NS-0000000125,IC-0000000123,Dedicated 75/15/UP,209.112.164.14,IPVPN,Network Slice,"17/04/2022, 11:00",17-04-2022,10,90
Alaska Communications Internet LLC,ORD-76450-X2M2K0,Kivalina,901600000001194,351554110003119,acs.ba.mnc060.mcc901.gprs,75,15,27,22.5,4.5,18,9,9,45,37.5,7.5,Palladium,"67.726942, -164.537642",O-00000215,OI-0000000754,SC-0000000704,NS-0000000125,IC-0000000123,Dedicated 75/15/UP,209.112.164.17,IPVPN,Network Slice,"17/04/2022, 11:00",17-04-2022,10,90
Alaska Communications Internet LLC,ORD-76450-X2M2K0,Kiana,901600000001080,351554110002996,acs.ba.mnc060.mcc901.gprs,75,15,27,22.5,4.5,18,9,9,45,37.5,7.5,Palladium,"66.971667, -160.430278",O-00000215,OI-0000000752,SC-0000000702,NS-0000000125,IC-0000000123,Dedicated 75/15/UP,209.112.164.10,IPVPN,Network Slice,"17/04/2022, 11:00",17-04-2022,10,90
Alaska Communications Internet LLC,ORD-76450-X2M2K0,Ambler,901600000001036,351554110004547,acs.ba.mnc060.mcc901.gprs,50,10,18,15,3,12,6,6,30,25,5,Palladium,"67.086523, -157.861293",O-00000215,OI-0000000746,SC-0000000696,NS-0000000125,IC-0000000123,Dedicated 50/10/UP,209.112.164.15,IPVPN,Network Slice,"17/04/2022, 11:00",17-04-2022,10,60
Alaska Communications Internet LLC,ORD-76450-X2M2K0,Deering,901600000000961,351554110004588,acs.ba.mnc060.mcc901.gprs,50,10,18,15,3,12,6,6,30,25,5,Palladium,"66.0788, -162.734914",O-00000215,OI-0000000750,SC-0000000700,NS-0000000125,IC-0000000123,Dedicated 50/10/UP,209.112.164.16,IPVPN,Network Slice,"17/04/2022, 11:00",17-04-2022,10,60
Alaska Communications Internet LLC,ORD-99391-N5B4S9,Red Dog Mine,901600000001012,351554110004505,acs.ba.mnc060.mcc901.gprs,100,20,36,30,6,24,12,12,60,50,10,Palladium,"68.071207, -162.852775",O-00000222,OI-0000000783,SC-0000000733,NS-0000000125,IC-0000000123,Dedicated 100/20/UP,209.112.164.20,IPVPN,Network Slice,"05/05/2022, 09:30",05-05-2022,12,120
Alaska Communications Internet LLC,ORD-76450-X2M2K0,Noatak,901600000001156,351554110004620,acs.ba.mnc060.mcc901.gprs,100,20,36,30,6,24,12,12,60,50,10,Palladium,"67.569597, -162.968117",O-00000215,OI-0000000762,SC-0000000712,NS-0000000125,IC-0000000123,Dedicated 100/20/UP,209.112.164.12,IPVPN,Network Slice,"17/04/2022, 11:00",17-04-2022,10,120
Alaska Communications Internet LLC,ORD-76450-X2M2K0,Selawik,901600000001011,351554110004331,acs.ba.mnc060.mcc901.gprs,100,20,36,30,6,24,12,12,60,50,10,Palladium,"66.606839, -160.014833",O-00000215,OI-0000000760,SC-0000000710,NS-0000000125,IC-0000000123,Dedicated 100/20/UP,209.112.164.18,IPVPN,Network Slice,"17/04/2022, 11:00",17-04-2022,10,120
Alaska Communications Internet LLC,ORD-76450-X2M2K0,Buckland,901600000001284,351554110001840,acs.ba.mnc060.mcc901.gprs,100,20,36,30,6,24,12,12,60,50,10,Palladium,"65.977797, -161.130056",O-00000215,OI-0000000748,SC-0000000698,NS-0000000125,IC-0000000123,Dedicated 100/20/UP,209.112.164.19,IPVPN,Network Slice,"17/04/2022, 11:00",17-04-2022,10,120
Alaska Communications Internet LLC,ORD-76450-X2M2K0,Noorvik,901600000001089,351554110003002,acs.ba.mnc060.mcc901.gprs,100,20,36,30,6,24,12,12,60,50,10,Palladium,"66.833224, -161.045398",O-00000215,OI-0000000758,SC-0000000708,NS-0000000125,IC-0000000123,Dedicated 100/20/UP,209.112.164.11,IPVPN,Network Slice,"17/04/2022, 11:00",17-04-2022,10,120
Alaska Communications Internet LLC,ORD-111051-R9D6Z9,Prudhoe 1930302,901600000001022,351554110003051,,75,15,0,0,0,0,0,0,18,15,3,Gold,"68.761254, -148.874615",O-00000243,OI-0000000842,SC-0000000783,NS-0000000125,IC-0000000123,Classic 75/15/UG,,IP Access,Network Slice,,30-05-2022,5,18
Alaska Communications Internet LLC,ORD-105027-L5Y1D,Crooked Creek Mine,901600000001199,351554110003887,,50,10,0,0,0,0,0,0,12,10,2,Gold,"62.027244, -158.222678",O-00000230,OI-0000000805,SC-0000000753,NS-0000000125,IC-0000000123,Classic 50/10/UG,,IP Access,Network Slice,,30-05-2022,12,12
Alaska Communications Internet LLC,ORD-80834-J7G6C7,Crooked Creek,901600000001244,351554110001444,acs.ba.mnc060.mcc901.gprs,50,10,0,0,0,0,0,0,12,10,2,Gold,"61.861, -158.1379",O-00000241,OI-0000000837,SC-0000000778,NS-0000000125,IC-0000000123,Classic 50/10/UG,,IP Access,Network Slice,,05-05-2022,12,12
Pacific Dataport Inc,SIX,SNP1-SIX,901600000000876,351554110020543,pdi.ba.mnc060.mcc901.gprs,100,20,0,0,0,12,6,6,12,10,2,Silver,"57.1855, -170.254",O-00000184,OI-0000000659,SC-0000000148,NS-0000000122,IC-0000000120,TRIAL PDI ENT+ 100/20/2500S,,Business Access,Network Slice,"11/05/2022, 11:00",12-03-2022,2,23.86
Pacific Dataport Inc,ATB.1,Bethel,901600000000875,351554110006211,pdi.ba.mnc060.mcc901.gprs,75,15,0,0,0,0,0,0,18,15,3,Gold,"60.796242, -161.791428",O-00000171,OI-0000000604,SC-0000000569,NS-0000000122,IC-0000000120,TRIAL Classic 75/15/UG,,IP Access,Network Slice,"16/03/2022, 17:00",14-03-2022,2,18
Pacific Dataport Inc,NET,SYA1-NET,901600000000119,351554110002624,pdi.ba.mnc060.mcc901.gprs,75,15,0,0,0,0,0,0,90,75,15,Palladium,"52.7235, -174.1126",O-00000068,OI-0000000267,SC-0000000206,NS-0000000122,IC-0000000120,Trial PDI-IPC 75/15/UPD,,IP Access,Network Slice,"22/01/2022, 00:00",30-12-2021,2,90
Pacific Dataport Inc,RSE,ANK,901600000000056,351554110001626,pdi.ba.mnc060.mcc901.gprs,75,15,0,0,0,0,0,0,90,75,15,Palladium,"60.199, -154.309",O-00000063,OI-0000000241,SC-0000000184,NS-0000000122,IC-0000000120,Trial PDI-IPC 75/15/UPD,,IP Access,Network Slice,"23/12/2021, 18:45",19-10-2021,2,90
Pacific Dataport Inc,RSE,TLF,901600000000127,351554110001055,pdi.ba.mnc060.mcc901.gprs,75,15,0,0,0,0,0,0,90,75,15,Palladium,"62.855782, -152.62072",O-00000064,OI-0000000243,SC-0000000186,NS-0000000122,IC-0000000120,Trial PDI-IPC 75/15/UPD,,IP Access,Network Slice,"16/12/2021, 13:30",19-10-2021,2,90
Pacific Dataport Inc,ERA,DUT1-ERA,901600000001336,351554110000479,pdi.ba.mnc060.mcc901.gprs,75,15,0,0,0,0,0,0,90,75,15,Palladium,"53.896, -166.5416",O-00000052,OI-0000000207,SC-0000000150,NS-0000000122,IC-0000000120,Trial PDI-IPC 75/15/UPD,,IP Access,Network Slice,"13/12/2021, 23:40",19-10-2021,2,90
Pacific Dataport Inc,SIX,SNP1-SIX,901600000000876,351554110020543,,75,15,0,0,0,0,0,0,90,75,15,Palladium,"57.1855, -170.254",O-00000184,OI-0000000657,SC-0000000148,NS-0000000122,IC-0000000120,Trial PDI-IPC 75/15/UPD,,IP Access,Network Slice,,12-10-2021,2,90
Pacific Dataport Inc,SIX,SNP1-SIX,901600000000876,351554110020543,pdi.ba.mnc060.mcc901.gprs,75,15,0,0,0,0,0,0,90,75,15,Palladium,"57.1855, -170.254",O-00000051,OI-0000000205,SC-0000000148,NS-0000000122,IC-0000000120,Trial PDI-IPC 75/15/UPD,,IP Access,Network Slice,"10/12/2021, 13:15",12-10-2021,2,90
Pacific Dataport Inc,NNK,CCH-NNK,901600000001311,351554110000966,pdi.ba.mnc060.mcc901.gprs,75,15,0,0,0,0,0,0,90,75,15,Palladium,"58.746, -156.957",O-00000048,OI-0000000196,SC-0000000139,NS-0000000122,IC-0000000120,Trial PDI-IPC 75/15/UPD,,IP Access,Network Slice,"21/12/2021, 11:30",21-10-2021,2,90
Pacific Dataport Inc,Akiak,AKIUS1 Beta,901600000001299,351554110001584,pdi.ba.mnc060.mcc901.gprs,75,15,0,0,0,0,0,0,90,75,15,Palladium,"60.912144, -161.213931",O-00000049,OI-0000000198,SC-0000000141,NS-0000000122,IC-0000000120,Trial PDI-IPC 75/15/UPD,,IP Access,Network Slice,"10/12/2021, 13:30",25-11-2021,2,90
Pacific Dataport Inc,ASTA,ANC,901600000001275,351554110001501,pdi.ba.mnc060.mcc901.gprs,75,15,0,0,0,0,0,0,90,75,15,Palladium,"61.181536, -149.884992",O-00000047,OI-0000000194,SC-0000000137,NS-0000000122,IC-0000000120,Trial PDI-IPC 75/15/UPD,,IP Access,Network Slice,"21/12/2021, 18:00",17-11-2021,3,90
Pacific Dataport Inc,ATO,SNP,901600000000136,351554110001485,pdi.ba.mnc060.mcc901.gprs,75,15,0,0,0,0,0,0,90,75,15,Palladium,"57.126, -170.2725",O-00000046,OI-0000000192,SC-0000000135,NS-0000000122,IC-0000000120,Trial PDI-IPC 75/15/UPD,,IP Access,Network Slice,"21/12/2021, 18:00",17-11-2021,3,90
Pacific Dataport Inc,PDI EC Test,ANC,901600000001248,351554110001642,pdi.ba.mnc060.mcc901.gprs,75,15,0,0,0,0,0,0,90,75,15,Palladium,"61.173, -149.8849",O-00000045,OI-0000000190,SC-0000000133,NS-0000000122,IC-0000000120,Trial PDI-IPC 75/15/UPD,,IP Access,Network Slice,"10/12/2021, 15:00",17-11-2021,3,90
Pacific Dataport Inc,Anchorage,ANCUS1 Beta,901600000000076,351554110000990,pdi.ba.mnc060.mcc901.gprs,20,4,0,0,0,0,0,0,24,20,4,Palladium,"61.173, -147.884",O-00000069,OI-0000000269,SC-0000000208,NS-0000000122,IC-0000000120,Trial PDI-IPC 20/4/UPD,,IP Access,Network Slice,"14/01/2022, 11:00",30-12-2021,2,24
ROCK Networks,Rock Networks Demo site,Rock Networks HQ,901600000000140,351554110000701,cbh.customer.mnc060.mcc901.gprs,25,5,0,0,0,0,0,0,6,5,1,Gold,"45.38231, -75.61783",O-00000050,OI-0000000203,SC-0000000146,NS-0000000145,IC-0000000143,Trial RN-GW 25/5/UG,,IP Access,Network Slice,"30/12/2021, 12:45",19-11-2021,3,6
OneWeb Golden UT,One Web,Talkeetna,901600000000179,351554110001006,sprint.mnc060.mcc901.gprs,75,15,0,0,0,0,0,0,18,15,3,Gold,"62.332325, -150.032578",O-00000075,OI-0000000296,SC-0000000235,NS-0000000234,IC-0000000232,Classic 75/15/UG,,IP Access,Network Slice,"14/01/2022, 15:00",13-01-2022,60,18
OneWeb Golden UT,One Web,Talkeetna,901600000000301,351554110000164,sprint.mnc060.mcc901.gprs,30,6,0,0,0,0,0,0,7.2,6,1.2,Gold,"62.332325, -150.032578",O-00000092,OI-0000000355,SC-0000000293,NS-0000000234,IC-0000000232,Classic 30/6/UG,,IP Access,Network Slice,"24/02/2022, 20:00",28-01-2022,60,7.2
OneWeb Golden UT,One Web,Sintra,901600000000272,351554110000198,sprint.mnc060.mcc901.gprs,30,6,0,0,0,0,0,0,7.2,6,1.2,Gold,"38.8692, -9.2817517",O-00000172,OI-0000000606,SC-0000000571,NS-0000000253,IC-0000000251,Classic 30/6/UG,,IP Access,Network Slice,"16/03/2022, 12:00",28-01-2022,60,7.2
OneWeb Golden UT,One Web,London,901600000001362,351554110000586,sprint.mnc060.mcc901.gprs,30,6,0,0,0,0,0,0,7.2,6,1.2,Gold,"51.511, -.2248",O-00000080,OI-0000000316,SC-0000000254,NS-0000000253,IC-0000000251,Classic 30/6/UG,,IP Access,Network Slice,"24/02/2022, 20:30",28-01-2022,60,7.2
OneWeb Golden UT,One Web,Westcott,901600000000304,351554110000362,sprint.mnc060.mcc901.gprs,30,6,0,0,0,0,0,0,7.2,6,1.2,Gold,"51.8439877, -.9712927",O-00000108,OI-0000000398,SC-0000000336,NS-0000000253,IC-0000000251,Classic 30/6/UG,,IP Access,Network Slice,"24/02/2022, 20:45",28-01-2022,60,7.2
OneWeb Golden UT,One Web,Southbury,901600000001085,351554110003200,sprint.mnc060.mcc901.gprs,30,6,0,0,0,0,0,0,7.2,6,1.2,Gold,"41.4515, -73.28938",O-00000083,OI-0000000331,SC-0000000269,NS-0000000266,IC-0000000267,Classic 30/6/UG,,IP Access,Network Slice,"24/02/2022, 20:45",28-01-2022,60,7.2
OneWeb Golden UT,One Web,Nuuk,901600000001099,351554110003598,sprint.mnc060.mcc901.gprs,30,6,0,0,0,0,0,0,7.2,6,1.2,Gold,"64.2021, -51.6446",O-00000093,OI-0000000357,SC-0000000295,NS-0000000266,IC-0000000267,Classic 30/6/UG,,IP Access,Network Slice,"24/02/2022, 20:45",28-01-2022,60,7.2
OneWeb Golden UT,One Web,Santa Paula,901600000000312,351554110000255,sprint.mnc060.mcc901.gprs,30,6,0,0,0,0,0,0,7.2,6,1.2,Gold,"34.401512, -119.07386",O-00000203,OI-0000000709,SC-0000000659,NS-0000000338,IC-0000000339,Classic 30/6/UG,,IP Access,Network Slice,"13/04/2022, 11:00",11-04-2022,60,7.2
OneWeb Golden UT,One Web,Clewiston,901600000001366,351554110001022,sprint.mnc060.mcc901.gprs,30,6,0,0,0,0,0,0,7.2,6,1.2,Gold,"26.747926, -81.049149",O-00000109,OI-0000000403,SC-0000000341,NS-0000000338,IC-0000000339,Classic 30/6/UG,,IP Access,Network Slice,"24/02/2022, 21:00",21-02-2022,60,7.2
OneWeb Golden UT,One Web,Santiago,901600000000324,351554110000289,sprint.mnc060.mcc901.gprs,30,6,0,0,0,0,0,0,7.2,6,1.2,Gold,"-33.14991, -70.6672",O-00000220,OI-0000000779,SC-0000000729,NS-0000000728,IC-0000000726,Classic 30/6/UG,,IP Access,Network Slice,"29/04/2022, 11:00",27-04-2022,60,7.2
OneWeb UT,Clarus - HQ,Clarus HQ,901600000001339,351554110002236,cbh.customer.mnc060.mcc901.gprs,75,15,0,0,0,0,0,0,0,0,0,Bronze,"55.883961, -3.62679",O-00000247,OI-0000000851,SC-0000000790,NS-0000000385,IC-0000000386,Trial Entry 75/15/500B,,IP Access,Network Slice,,25-05-2022,3,4.76
OneWeb UT,BT M&B,BT - Madley Satellite Communications Centre,901600000000081,351554110002319,cbh.customer.mnc060.mcc901.gprs,75,15,0,0,0,0,0,0,0,0,0,Bronze,"52.032, -2.841",O-00000123,OI-0000000423,SC-0000000388,NS-0000000385,IC-0000000386,Trial Entry 75/15/500B,,IP Access,Network Slice,"24/02/2022, 21:00",24-02-2022,3,4.76
OneWeb UT,BT EE,Bristol Parkgate Building,901600000000138,351554110002327,cbh.customer.mnc060.mcc901.gprs,75,15,0,0,0,0,0,0,0,0,0,Bronze,"51.543333, -2.571667",O-00000124,OI-0000000429,SC-0000000394,NS-0000000391,IC-0000000392,Trial Entry 75/15/500B,,IP Access,Network Slice,"25/02/2022, 09:45",23-02-2022,3,4.76
OneWeb UT,BT GS,BT Adastral,901600000001380,351554110002301,cbh.customer.mnc060.mcc901.gprs,75,15,0,0,0,0,0,0,0,0,0,Bronze,"52.06007055265902, 1.280551696734517",O-00000148,OI-0000000498,SC-0000000463,NS-0000000460,IC-0000000461,Trial Entry 75/15/500B,,IP Access,Network Slice,"04/03/2022, 20:00",03-03-2022,3,4.76
OneWeb UT,Rock Networks - MDA DND R&D Project,"MDA Richmond, BC",901600000000858,351554110005221,cbh.customer.mnc060.mcc901.gprs,75,15,0,0,0,0,0,0,0,0,0,Bronze,"49.17569283, -123.0699687",O-00000213,OI-0000000738,SC-0000000688,NS-0000000687,IC-0000000685,Trial Entry 75/15/500B,,IP Access,Network Slice,"20/04/2022, 11:00",20-04-2022,3,4.76
OneWeb UT,Telespazio France,Telespazio France office,901600000001108,351554110004422,cbh.customer.mnc060.mcc901.gprs,75,15,0,0,0,0,0,0,0,0,0,Bronze,"43.6, 1.3",O-00000217,OI-0000000769,SC-0000000719,NS-0000000716,IC-0000000717,Trial Entry 75/15/500B,,IP Access,Network Slice,"26/04/2022, 11:00",27-04-2022,2,4.76
OneWeb UT,Tusass,Tusass Test Nuuk,901600000001266,351554110000883,cbh.customer.mnc060.mcc901.gprs,75,15,0,0,0,0,0,0,0,0,0,Bronze,"64.182914, -51.732564",O-00000225,OI-0000000789,SC-0000000739,NS-0000000744,IC-0000000742,Trial Entry 75/15/500B,,IP Access,Network Slice,"05/05/2022, 11:00",04-05-2022,2,4.76
OneWeb UT,Shared Services Canada - Department of National Defence,Department of National Defence,901600000001255,351554110001691,cbh.customer.mnc060.mcc901.gprs,50,10,0,0,0,0,0,0,12,10,2,Gold,"45.345228, -75.885469",O-00000169,OI-0000000597,SC-0000000562,NS-0000000559,IC-0000000560,TRIAL Classic 50/10/UG,,IP Access,Network Slice,"16/03/2022, 12:00",21-03-2022,3,12
OneWeb UT,Shared Services Canada - RCMP,Technical Operations,901600000001118,351554110002889,cbh.customer.mnc060.mcc901.gprs,50,10,0,0,0,0,0,0,12,10,2,Gold,"45.457377, -75.56192",O-00000170,OI-0000000602,SC-0000000567,NS-0000000564,IC-0000000565,TRIAL Classic 50/10/UG,,IP Access,Network Slice,"16/03/2022, 12:00",21-03-2022,3,12
OneWeb UT,Kyndryl - Cargill PoC Kindersely,Kindersely,901600000000856,351554110004737,cbh.customer.mnc060.mcc901.gprs,75,15,0,0,0,0,0,0,18,15,3,Gold,"51.47391, -109.05269",O-00000229,OI-0000000803,SC-0000000751,NS-0000000214,IC-0000000212,TRIAL Classic 75/15/UG,,IP Access,Network Slice,"12/05/2022, 11:00",10-05-2022,1,18
OneWeb UT,Kyndryl - AR Test 2,Regina AR Test 2,901600000001287,351554110002244,cbh.customer.mnc060.mcc901.gprs,75,15,0,0,0,0,0,0,18,15,3,Gold,"50.41, -104.59",O-00000144,OI-0000000481,SC-0000000446,NS-0000000214,IC-0000000212,TRIAL Classic 75/15/UG,,IP Access,Network Slice,"08/03/2022, 20:00",01-03-2022,3,18
OneWeb UT,NorthwesTel - Diavik Mine Site,NorthwesTel - Diavik Mine Site,901600000001240,351554110000719,cbh.customer.mnc060.mcc901.gprs,75,15,0,0,0,0,0,0,18,15,3,Gold,"64.490997, -110.270667",O-00000208,OI-0000000719,SC-0000000669,NS-0000000217,IC-0000000215,TRIAL Classic 75/15/UG,,IP Access,Network Slice,"14/04/2022, 19:00",14-04-2022,3,18
OneWeb UT,NorthwesTel - Ekati Mine Site,Northwestel - Ekati Mine Site,901600000001286,351554110001188,cbh.customer.mnc060.mcc901.gprs,75,15,0,0,0,0,0,0,18,15,3,Gold,"64.692664, -110.610497",O-00000207,OI-0000000717,SC-0000000667,NS-0000000217,IC-0000000215,TRIAL Classic 75/15/UG,,IP Access,Network Slice,"14/04/2022, 11:00",14-04-2022,3,18
OneWeb UT,Northwestel - Yellowknife 4,Yellowknife 4,901600000000964,351554110004992,cbh.customer.mnc060.mcc901.gprs,75,15,0,0,0,0,0,0,18,15,3,Gold,"62.4561830404678, -114.4099419",O-00000198,OI-0000000698,SC-0000000648,NS-0000000217,IC-0000000215,TRIAL Classic 75/15/UG,,IP Access,Network Slice,"06/04/2022, 19:00",05-04-2022,3,18
OneWeb UT,Northwestel - Yellowknife 5,Yellowknife 5,901600000000729,351554110004927,cbh.customer.mnc060.mcc901.gprs,75,15,0,0,0,0,0,0,18,15,3,Gold,"62.4561830404678, -114.4099419",O-00000199,OI-0000000700,SC-0000000650,NS-0000000217,IC-0000000215,TRIAL Classic 75/15/UG,,IP Access,Network Slice,"06/04/2022, 19:00",05-04-2022,3,18
OneWeb UT,Northwestel - Yellowknife 3,Yellowknife 3,901600000001133,351554110004182,cbh.customer.mnc060.mcc901.gprs,75,15,0,0,0,0,0,0,18,15,3,Gold,"62.4561830404678, -114.4099419",O-00000200,OI-0000000702,SC-0000000652,NS-0000000217,IC-0000000215,TRIAL Classic 75/15/UG,,IP Access,Network Slice,"06/04/2022, 19:00",05-04-2022,3,18
OneWeb UT,NorthwesTel - Iqaluit 1,Iqaluit 1,901600000001356,351554110000727,cbh.customer.mnc060.mcc901.gprs,75,15,0,0,0,0,0,0,18,15,3,Gold,"63.74558096188353, -68.51418401",O-00000142,OI-0000000474,SC-0000000439,NS-0000000436,IC-0000000437,TRIAL Classic 75/15/UG,,IP Access,Network Slice,"03/03/2022, 20:00",03-03-2022,3,18
OneWeb UT,NorthwesTel - Iqaluit 2,Iqaluit 2,901600000001282,351554110000867,cbh.customer.mnc060.mcc901.gprs,75,15,0,0,0,0,0,0,18,15,3,Gold,"63.74558096188353, -68.51418401",O-00000143,OI-0000000479,SC-0000000444,NS-0000000441,IC-0000000442,TRIAL Classic 75/15/UG,,IP Access,Network Slice,"03/03/2022, 20:00",03-03-2022,3,18
OneWeb UT,Galaxy - Pipestone 2,Pipestone mine site 2,901600000001181,351554110003291,cbh.customer.mnc060.mcc901.gprs,75,15,0,0,0,0,0,0,18,15,3,Gold,"52.30872, -90.57527",O-00000145,OI-0000000486,SC-0000000451,NS-0000000448,IC-0000000449,TRIAL Classic 75/15/UG,,IP Access,Network Slice,"04/03/2022, 20:00",03-03-2022,3,18
OneWeb UT,KuSat - Kuujjuaq Hospital,KuSat - Kuujjuaq Hospital,901600000001024,351554110002897,cbh.customer.mnc060.mcc901.gprs,75,15,0,0,0,0,0,0,18,15,3,Gold,"58.11028096, -68.40138349",O-00000248,OI-0000000854,SC-0000000793,NS-0000000455,IC-0000000456,TRIAL Classic 75/15/UG,,IP Access,Network Slice,"24/05/2022, 19:00",24-05-2022,3,18
OneWeb UT,KuSat - Kuujjuaq School,KuSat - Kuujjuaq School,901600000001035,351554110002871,cbh.customer.mnc060.mcc901.gprs,75,15,0,0,0,0,0,0,18,15,3,Gold,"58.11028096, -68.40138349",O-00000250,OI-0000000858,SC-0000000797,NS-0000000455,IC-0000000456,TRIAL Classic 75/15/UG,,IP Access,Network Slice,"24/05/2022, 19:00",24-05-2022,3,18
OneWeb UT,KuSat - Ivujivik School,KuSat - Ivujivik School,901600000001212,351554110002855,cbh.customer.mnc060.mcc901.gprs,75,15,0,0,0,0,0,0,18,15,3,Gold,"62.42148966, -77.91634528",O-00000249,OI-0000000856,SC-0000000795,NS-0000000455,IC-0000000456,TRIAL Classic 75/15/UG,,IP Access,Network Slice,"24/05/2022, 19:00",24-05-2022,3,18
OneWeb UT,Galaxy - Mississauga office,Galaxy - Mississauga office,901600000001264,351554110000818,cbh.customer.mnc060.mcc901.gprs,75,15,0,0,0,0,0,0,18,15,3,Gold,"43.52545719, -79.71589703",O-00000209,OI-0000000721,SC-0000000671,NS-0000000455,IC-0000000456,TRIAL Classic 75/15/UG,,IP Access,Network Slice,"14/04/2022, 19:00",14-04-2022,3,18
OneWeb UT,Galaxy - Pipestone 1,Pipestone mine site,901600000001203,351554110003135,cbh.customer.mnc060.mcc901.gprs,75,15,0,0,0,0,0,0,18,15,3,Gold,"52.30872, -90.57527",O-00000147,OI-0000000493,SC-0000000458,NS-0000000455,IC-0000000456,TRIAL Classic 75/15/UG,,IP Access,Network Slice,"04/03/2022, 20:00",03-03-2022,3,18
OneWeb UT,Galaxy - AE Meliadine UT 1 (VV Testing),Galaxy - AE Meliadine Mine Site,901600000000799,351554110005882,cbh.customer.mnc060.mcc901.gprs,75,15,0,0,0,0,0,0,18,15,3,Gold,"63.04294444, -92.22033333",O-00000157,OI-0000000541,SC-0000000506,NS-0000000503,IC-0000000504,TRIAL Classic 75/15/UG,,IP Access,Network Slice,"08/03/2022, 12:00",09-03-2022,3,18
OneWeb UT,Galaxy - AE Meliadine UT 2 (VV Testing),Galaxy - AE Meliadine Mine Site,901600000001122,351554110003077,cbh.customer.mnc060.mcc901.gprs,75,15,0,0,0,0,0,0,18,15,3,Gold,"63.04294444, -92.22033333",O-00000158,OI-0000000546,SC-0000000511,NS-0000000508,IC-0000000509,TRIAL Classic 75/15/UG,,IP Access,Network Slice,"08/03/2022, 12:00",09-03-2022,3,18
OneWeb UT,Galaxy - Kingfisher,Galaxy - Kingfisher Mine Site,901600000000572,35155411002083,cbh.customer.mnc060.mcc901.gprs,75,15,0,0,0,0,0,0,18,15,3,Gold,"53.021919, -89.914",O-00000166,OI-0000000584,SC-0000000549,NS-0000000546,IC-0000000547,TRIAL Classic 75/15/UG,,IP Access,Network Slice,"16/03/2022, 12:00",17-03-2022,3,18
OneWeb UT,Galaxy - Canadian Royalties,Galaxy - Canadian Royalties,901600000000743,351554110006161,cbh.customer.mnc060.mcc901.gprs,75,15,0,0,0,0,0,0,18,15,3,Gold,"61.5554861, -73.4492889",O-00000234,OI-0000000817,SC-0000000762,NS-0000000596,IC-0000000597,TRIAL Classic 75/15/UG,,IP Access,Network Slice,"18/05/2022, 19:00",18-05-2022,3,18
OneWeb UT,Galaxy - Vale,Galaxy - Vale mine site,901600000001260,351554110000768,cbh.customer.mnc060.mcc901.gprs,75,15,0,0,0,0,0,0,18,15,3,Gold,"56.338056, -62.095278",O-00000179,OI-0000000637,SC-0000000599,NS-0000000596,IC-0000000597,TRIAL Classic 75/15/UG,,IP Access,Network Slice,"31/03/2022, 14:00",30-03-2022,3,18
OneWeb UT,Galaxy - Glencore Raglan,Galaxy - Glencore Raglan mine site,901600000000063,351554110000842,cbh.customer.mnc060.mcc901.gprs,75,15,0,0,0,0,0,0,18,15,3,Gold,"61.6875, -73.678056",O-00000180,OI-0000000642,SC-0000000604,NS-0000000601,IC-0000000602,TRIAL Classic 75/15/UG,,IP Access,Network Slice,"30/03/2022, 19:00",30-03-2022,3,18
OneWeb UT,Galaxy - Kiewit Raglan,Galaxy - Kiewit Raglan mine site,901600000000958,351554110005965,cbh.customer.mnc060.mcc901.gprs,75,15,0,0,0,0,0,0,18,15,3,Gold,"61.6875, -73.678056",O-00000181,OI-0000000647,SC-0000000609,NS-0000000606,IC-0000000607,TRIAL Classic 75/15/UG,,IP Access,Network Slice,"30/03/2022, 19:00",30-03-2022,3,18
OneWeb UT,Galaxy - NJ Albert Mine,Galaxy - NJ Albert Mine site,901600000000878,351554110006179,cbh.customer.mnc060.mcc901.gprs,75,15,0,0,0,0,0,0,18,15,3,Gold,"46.07423, -73.5324146",O-00000223,OI-0000000785,SC-0000000735,NS-0000000611,IC-0000000612,TRIAL Classic 75/15/UG,,IP Access,Network Slice,"04/05/2022, 11:00",04-05-2022,3,18
OneWeb UT,Galaxy - Alamos,Galaxy - Alamos mine site,901600000000935,351554110005874,cbh.customer.mnc060.mcc901.gprs,75,15,0,0,0,0,0,0,18,15,3,Gold,"56.825, -101.075",O-00000218,OI-0000000772,SC-0000000722,NS-0000000611,IC-0000000612,TRIAL Classic 75/15/UG,,IP Access,Network Slice,"26/04/2022, 11:00",26-04-2022,3,18
OneWeb UT,Galaxy - Golder Victor,Galaxy - Golder Victor mine site,901600000000762,351554110006153,cbh.customer.mnc060.mcc901.gprs,75,15,0,0,0,0,0,0,18,15,3,Gold,"52.714444, -83.904722",O-00000182,OI-0000000652,SC-0000000614,NS-0000000611,IC-0000000612,TRIAL Classic 75/15/UG,,IP Access,Network Slice,"30/03/2022, 19:00",30-03-2022,3,18
OneWeb UT,Alaska Tribal Spectrum - Unalaska Demo,ATS - Unalaska Demo,901600000001075,351554110003184,cbh.customer.mnc060.mcc901.gprs,75,15,0,0,0,0,0,0,18,15,3,Gold,"53.884, -166.552",O-00000214,OI-0000000744,SC-0000000694,NS-0000000693,IC-0000000691,TRIAL Classic 75/15/UG,,IP Access,Network Slice,"22/04/2022, 19:00",22-04-2022,2,18
OneWeb UT,Kyndryl training & demo system,Kyndryl Regina site,901600000000055,351554110001683,cbh.customer.mnc060.mcc901.gprs,75,15,0,0,0,0,0,0,18,15,3,Gold,"50.41499, -104.59113",O-00000070,OI-0000000271,SC-0000000210,NS-0000000214,IC-0000000212,Classic 75/15/UG,,IP Access,Network Slice,"24/01/2022, 19:45",14-01-2022,12,18
OneWeb UT,Kyndryl training & demo system,Kyndryl Regina site,901600000000055,351554110001683,cbh.customer.mnc060.mcc901.gprs,75,15,0,0,0,0,0,0,18,15,3,Gold,"50.41499, -104.59113",O-00000245,OI-0000000846,SC-0000000210,NS-0000000214,IC-0000000212,Classic 75/15/UG,,IP Access,Network Slice,,14-01-2022,5.38065,18
OneWeb UT,NorthwesTel - Yellowknife 2,Yellowknife 2,901600000001249,351554110002798,cbh.customer.mnc060.mcc901.gprs,75,15,0,0,0,0,0,0,18,15,3,Gold,"62.4561830404678, -114.409941942603",O-00000086,OI-0000000340,SC-0000000278,NS-0000000217,IC-0000000215,Classic 75/15/UG,,IP Access,Network Slice,"10/02/2022, 20:00",03-02-2022,3,18
OneWeb UT,NorthwesTel - Yellowknife 1,Yellowknife 1,901600000001165,351554110002731,cbh.customer.mnc060.mcc901.gprs,75,15,0,0,0,0,0,0,18,15,3,Gold,"62.4561830404678, -114.409941942603",O-00000085,OI-0000000338,SC-0000000276,NS-0000000217,IC-0000000215,Classic 75/15/UG,,IP Access,Network Slice,"10/02/2022, 20:00",03-02-2022,3,18
OneWeb UT,NorthwesTel training & demo system,NorthwesTel Whitehorse site UT#1,901600000001322,351554110000859,cbh.customer.mnc060.mcc901.gprs,75,15,0,0,0,0,0,0,18,15,3,Gold,"60.729486, -135.086447",O-00000071,OI-0000000279,SC-0000000218,NS-0000000217,IC-0000000215,Classic 75/15/UG,,IP Access,Network Slice,"24/01/2022, 19:30",14-01-2022,12,18
OneWeb UT,NorthwesTel training & demo system,NorthwesTel Whitehorse site UT#2,901600000001039,351554110002848,cbh.customer.mnc060.mcc901.gprs,75,15,0,0,0,0,0,0,18,15,3,Gold,"60.729486, -135.086447",O-00000072,OI-0000000281,SC-0000000220,NS-0000000224,IC-0000000222,Classic 75/15/UG,,IP Access,Network Slice,"24/01/2022, 20:00",14-01-2022,12,18
OneWeb UT,Softbank Komatsu,Softbank - Komatsu UK Durham,901600000001351,351554110001972,cbh.customer.mnc060.mcc901.gprs,75,15,0,0,0,0,0,0,18,15,3,Gold,"54.8938, -1.5809",O-00000097,OI-0000000369,SC-0000000307,NS-0000000309,IC-0000000310,Classic 75/15/UG,,IP Access,Network Slice,"21/02/2022, 09:00",18-02-2022,3,18
OneWeb UT,Softbank Komatsu,Softbank - Komatsu UK Durham,901600000001351,351554110001972,,75,15,0,0,0,0,0,0,18,15,3,Gold,"54.8938, -1.5809",O-00000176,OI-0000000627,SC-0000000307,NS-0000000309,IC-0000000310,Classic 75/15/UG,,IP Access,Network Slice,,18-02-2022,1.78095,18
OneWeb UT,Norway defence,Oslo - Norway Defence,901600000000146,351554110002715,cbh.customer.mnc060.mcc901.gprs,50,10,0,0,0,0,0,0,12,10,2,Gold,"59.9752, 11.04",O-00000076,OI-0000000301,SC-0000000240,NS-0000000237,IC-0000000238,Classic 50/10/UG,,IP Access,Network Slice,"26/01/2022, 19:45",23-01-2022,12,12
OneWeb UT,OneWeb,OneWeb Office - Anchorage,901600000001399,351554110001741,cbh.customer.mnc060.mcc901.gprs,75,15,0,0,0,0,0,0,0,0,0,Bronze,"61.19493828919867, -149.88562057184865",O-00000110,OI-0000000408,SC-0000000346,NS-0000000343,IC-0000000344,Entry 75/15/500B,,IP Access,Network Slice,"24/02/2022, 20:00",18-02-2022,60,4.76
OneWeb UT,OneWeb,OneWeb Office - Anchorage,901600000001120,351554110003911,cbh.customer.mnc060.mcc901.gprs,75,15,0,0,0,0,0,0,0,0,0,Bronze,"61.19493828919867, -149.88562057184865",O-00000156,OI-0000000532,SC-0000000497,NS-0000000500,IC-0000000501,Entry 75/15/500B,,IP Access,Network Slice,"08/03/2022, 12:00",09-03-2022,60,4.76
OneWeb UT,OneWeb,London,901600000000236,351554110000149,sprint.mnc060.mcc901.gprs,75,15,0,0,0,0,0,0,0,0,0,Bronze,"51.511, -.2248",O-00000160,OI-0000000553,SC-0000000518,NS-0000000515,IC-0000000516,Entry 75/15/500B,,IP Access,Network Slice,"14/03/2022, 19:00",11-03-2022,60,4.76
OneWeb UT,OneWeb,Westcott,901600000000198,351554110000248,sprint.mnc060.mcc901.gprs,75,15,0,0,0,0,0,0,0,0,0,Bronze,"51.8439877, -.9712927",O-00000168,OI-0000000591,SC-0000000556,NS-0000000553,IC-0000000554,Entry 75/15/500B,,IP Access,Network Slice,"16/03/2022, 12:00",14-03-2022,60,4.76
OneWeb UT - Hughes,OneWeb,Croatia,901600000000208,351554110000024,sprint.mnc060.mcc901.gprs,50,10,0,0,0,0,0,0,12,10,2,Gold,"45.814598, 15.947915",O-00000112,OI-0000000416,SC-0000000354,NS-0000000304,IC-0000000302,Classic 50/10/UG,,IP Access,Network Slice,"23/02/2022, 20:00",01-01-2022,60,12
OneWeb UT - Hughes,OneWeb,Croatia,901600000000302,351554110000107,sprint.mnc060.mcc901.gprs,50,10,0,0,0,0,0,0,12,10,2,Gold,"45.814598, 15.947915",O-00000113,OI-0000000418,SC-0000000356,NS-0000000304,IC-0000000302,Classic 50/10/UG,,IP Access,Network Slice,"24/02/2022, 20:00",01-01-2022,60,12
OneWeb UT - Hughes,OneWeb,Palermo,901600000000203,351554110000073,sprint.mnc060.mcc901.gprs,50,10,0,0,0,0,0,0,12,10,2,Gold,"37.913334, 13.36133",O-00000096,OI-0000000367,SC-0000000305,NS-0000000304,IC-0000000302,Classic 50/10/UG,,IP Access,Network Slice,"24/02/2022, 20:00",01-01-2022,60,12
OneWeb UT - Hughes,OneWeb,Palermo,901600000000207,351554110000065,sprint.mnc060.mcc901.gprs,50,10,0,0,0,0,0,0,12,10,2,Gold,"37.913334, 13.36133",O-00000098,OI-0000000374,SC-0000000312,NS-0000000304,IC-0000000302,Classic 50/10/UG,,IP Access,Network Slice,"24/02/2022, 20:15",01-01-2022,60,12
OneWeb UT - Hughes,OneWeb,Palermo,901600000000331,351602004120646,sprint.mnc060.mcc901.gprs,50,10,0,0,0,0,0,0,12,10,2,Gold,"37.913334, 13.36133",O-00000099,OI-0000000376,SC-0000000314,NS-0000000304,IC-0000000302,Classic 50/10/UG,,IP Access,Network Slice,"24/02/2022, 20:00",01-01-2022,60,12
OneWeb UT - Hughes,OneWeb,Palermo,901600000000202,351554110000081,sprint.mnc060.mcc901.gprs,50,10,0,0,0,0,0,0,12,10,2,Gold,"37.913334, 13.36133",O-00000100,OI-0000000378,SC-0000000316,NS-0000000304,IC-0000000302,Classic 50/10/UG,,IP Access,Network Slice,"24/02/2022, 20:00",01-01-2022,60,12
OneWeb UT - Hughes,OneWeb,Palermo,901600000001050,351554110004133,sprint.mnc060.mcc901.gprs,50,10,0,0,0,0,0,0,12,10,2,Gold,"37.913334, 13.36133",O-00000101,OI-0000000380,SC-0000000318,NS-0000000304,IC-0000000302,Classic 50/10/UG,,IP Access,Network Slice,"23/02/2022, 20:00",01-01-2022,60,12
OneWeb UT - Hughes,OneWeb,Stockholm,901600000000962,351554110004471,sprint.mnc060.mcc901.gprs,50,10,0,0,0,0,0,0,12,10,2,Gold,"59.211735, 18.083748",O-00000228,OI-0000000801,SC-0000000749,NS-0000000349,IC-0000000350,Classic 50/10/UG,,IP Access,Network Slice,"06/05/2022, 11:00",05-05-2022,60,12
OneWeb UT - Hughes,OneWeb,Oslo,901600000000289,351554110000131,sprint.mnc060.mcc901.gprs,50,10,0,0,0,0,0,0,12,10,2,Gold,"60.143757, 10.807188",O-00000111,OI-0000000414,SC-0000000352,NS-0000000349,IC-0000000350,Classic 50/10/UG,,IP Access,Network Slice,"23/02/2022, 20:00",01-01-2022,60,12
OneWeb UT - Hughes,OneWeb,Oslo,901600000000204,351554110000123,sprint.mnc060.mcc901.gprs,50,10,0,0,0,0,0,0,12,10,2,Gold,"60.143757, 10.807188",O-00000125,OI-0000000432,SC-0000000397,NS-0000000349,IC-0000000350,Classic 50/10/UG,,IP Access,Network Slice,"24/02/2022, 20:15",01-01-2022,60,12
OneWeb UT - Hughes,OneWeb,Svalbard,901600000000793,351554110006138,sprint.mnc060.mcc901.gprs,50,10,0,0,0,0,0,0,12,10,2,Gold,"78.228455, 15.395594",O-00000133,OI-0000000448,SC-0000000413,NS-0000000349,IC-0000000350,Classic 50/10/UG,,IP Access,Network Slice,"24/02/2022, 20:15",07-02-2022,60,12
OneWeb UT - Hughes,OneWeb,Stockholm,901600000000319,351554110000040,sprint.mnc060.mcc901.gprs,50,10,0,0,0,0,0,0,12,10,2,Gold,"59.211735, 18.083748",O-00000132,OI-0000000446,SC-0000000411,NS-0000000349,IC-0000000350,Classic 50/10/UG,,IP Access,Network Slice,"24/02/2022, 20:15",01-01-2022,60,12
OneWeb UT - Hughes,OneWeb,Stockholm,901600000000279,351554110000057,sprint.mnc060.mcc901.gprs,50,10,0,0,0,0,0,0,12,10,2,Gold,"59.211735, 18.083748",O-00000126,OI-0000000434,SC-0000000399,NS-0000000349,IC-0000000350,Classic 50/10/UG,,IP Access,Network Slice,"24/02/2022, 20:00",01-01-2022,60,12
OneWeb UT - Hughes,OneWeb,Svalbard,901600000001143,351554110006120,sprint.mnc060.mcc901.gprs,50,10,0,0,0,0,0,0,12,10,2,Gold,"78.228455, 15.395594",O-00000131,OI-0000000444,SC-0000000409,NS-0000000349,IC-0000000350,Classic 50/10/UG,,IP Access,Network Slice,"24/02/2022, 20:30",07-02-2022,60,12
OneWeb UT - Hughes,OneWeb,Svalbard,901600000001146,351554110003853,sprint.mnc060.mcc901.gprs,50,10,0,0,0,0,0,0,12,10,2,Gold,"78.228455, 15.395594",O-00000134,OI-0000000450,SC-0000000415,NS-0000000349,IC-0000000350,Classic 50/10/UG,,IP Access,Network Slice,"24/02/2022, 20:30",01-01-2022,60,12
OneWeb UT - Hughes,OneWeb,Clewiston,901600000000181,351554110000958,sprint.mnc060.mcc901.gprs,50,10,0,0,0,0,0,0,12,10,2,Gold,"26.747926, -81.049149",O-00000137,OI-0000000460,SC-0000000425,NS-0000000422,IC-0000000423,Classic 50/10/UG,,IP Access,Network Slice,"10/03/2022, 20:00",01-02-2022,60,12
OneWeb UT - Hughes,OneWeb,Kitty Hawk,901600000000087,351554110001469,sprint.mnc060.mcc901.gprs,50,10,0,0,0,0,0,0,12,10,2,Gold,"36.090126, -75.804581",O-00000204,OI-0000000711,SC-0000000661,NS-0000000466,IC-0000000467,Classic 50/10/UG,,IP Access,Network Slice,"14/04/2022, 19:00",11-04-2022,60,12
OneWeb UT - Hughes,OneWeb,Kitty Hawk,901600000000332,351554110000412,sprint.mnc060.mcc901.gprs,50,10,0,0,0,0,0,0,12,10,2,Gold,"36.090126, -75.804581",O-00000205,OI-0000000713,SC-0000000663,NS-0000000466,IC-0000000467,Classic 50/10/UG,,IP Access,Network Slice,"14/04/2022, 19:00",11-04-2022,60,12
OneWeb UT - Hughes,OneWeb,Southbury,901600000000357,351554110000206,sprint.mnc060.mcc901.gprs,50,10,0,0,0,0,0,0,12,10,2,Gold,"41.4515, -73.28938",O-00000149,OI-0000000504,SC-0000000469,NS-0000000466,IC-0000000467,Classic 50/10/UG,,IP Access,Network Slice,"04/03/2022, 20:00",01-03-2022,60,12
OneWeb UT - Hughes,OneWeb,Lake Forest,901600000001353,351554110001386,sprint.mnc060.mcc901.gprs,50,10,0,0,0,0,0,0,12,10,2,Gold,"39.1522, -77.2089",O-00000161,OI-0000000559,SC-0000000524,NS-0000000521,IC-0000000522,Classic 50/10/UG,,IP Access,Network Slice,"14/03/2022, 19:00",09-03-2022,60,12
OneWeb UT - Intellian,OneWeb,Bethesda,901600000000352,351554110000222,sprint.mnc060.mcc901.gprs,50,10,0,0,0,0,0,0,12,10,2,Gold,"39.02862, -77.135147",O-00000162,OI-0000000564,SC-0000000529,NS-0000000526,IC-0000000527,Classic 50/10/UG,,IP Access,Network Slice,"16/03/2022, 19:00",14-03-2022,60,12
OneWeb UT - Intellian,OneWeb,Bethesda,901600000000368,351554110000230,sprint.mnc060.mcc901.gprs,50,10,0,0,0,0,0,0,12,10,2,Gold,"39.02862, -77.135147",O-00000163,OI-0000000569,SC-0000000534,NS-0000000531,IC-0000000532,Classic 50/10/UG,,IP Access,Network Slice,"16/03/2022, 19:00",14-03-2022,60,12
OneWeb UT - Intellian,OneWeb,Rotterdam,901600000000117,351554110001808,sprint.mnc060.mcc901.gprs,50,10,0,0,0,0,0,0,12,10,2,Gold,"51.953279, 4.448593",O-00000164,OI-0000000574,SC-0000000539,NS-0000000536,IC-0000000537,Classic 50/10/UG,,IP Access,Network Slice,"15/03/2022, 19:00",14-03-2022,60,12
OneWeb UT - Intellian,OneWeb,Irvine,901600000000156,351554110000685,sprint.mnc060.mcc901.gprs,50,10,0,0,0,0,0,0,12,10,2,Gold,"33.649938, -117.714755",O-00000165,OI-0000000579,SC-0000000544,NS-0000000541,IC-0000000542,Classic 50/10/UG,,IP Access,Network Slice,"15/03/2022, 19:00",14-03-2022,60,12
OneWeb UT - Alaska,OneWeb,OneWeb Akiak 2,901600000000149,351554110001550,cbh.customer.mnc060.mcc901.gprs,75,15,0,0,0,0,0,0,0,0,0,Bronze,"60.912144, -161.213931",O-00000155,OI-0000000529,SC-0000000494,NS-0000000491,IC-0000000492,Entry 75/15/500B,,IP Access,Network Slice,"07/03/2022, 12:00",08-03-2022,12,4.76
OneWeb UT Team,OneWeb,Westcott,901600000000963,351554110004810,cbh.customer.mnc060.mcc901.gprs,75,15,0,0,0,0,0,0,0,0,0,Bronze,"51.8436, -.9715",O-00000210,OI-0000000726,SC-0000000676,NS-0000000675,IC-0000000673,Entry 75/15/500B,,IP Access,Network Slice,"20/04/2022, 11:00",20-04-2022,60,4.76
OneWeb UT Team,OneWeb,Westcott,901600000001380,351554110002301,cbh.customer.mnc060.mcc901.gprs,75,15,0,0,0,0,0,0,0,0,0,Bronze,"51.8436, -.9715",O-00000211,OI-0000000729,SC-0000000679,NS-0000000675,IC-0000000673,Entry 75/15/500B,,IP Access,Network Slice,"20/04/2022, 11:00",20-04-2022,60,4.76
OneWeb UT Team,OneWeb,Westcott,901600000001246,351554110001782,cbh.customer.mnc060.mcc901.gprs,75,15,0,0,0,0,0,0,0,0,0,Bronze,"51.8436, -.9715",O-00000212,OI-0000000732,SC-0000000682,NS-0000000675,IC-0000000673,Entry 75/15/500B,,IP Access,Network Slice,"20/04/2022, 11:00",20-04-2022,60,4.76
OneWeb UT Team,OneWeb,Westcott,901600000001380,351554110002301,cbh.customer.mnc060.mcc901.gprs,75,15,0,0,0,0,0,0,0,0,0,Bronze,"51.8436, -.9715",O-00000233,OI-0000000813,SC-0000000679,NS-0000000675,IC-0000000673,Entry 75/15/500B,,IP Access,Network Slice,,20-04-2022,1.76667,4.76
