IMSI,Source,DP Name,CustomerReference,CustomerName,EndCustomerReference,EndCustomerName,MbpsRate,IMEI,SiteTypeFlag,Site Type,SiteType-SubCategory,PricingPlanName,Downlink,Uplink,GeoLocation,SiteReference,SiteName,CustomerActiveStatus,SiteAddress,MRC,MaximumServiceDuration,ActualActivationDate,TimeLapse,CoS,TotalBandwidth,AFDown,AFUp,EFDown,EFUp,BEDown,BEUp,Mar Total Usage,Down,Up
901600000000876,AccountHub,Pacific Dataport Inc,ACC-DP-0000341,Pacific Dataport Inc,DP-EC-0000072,SIX,360,351554110020543,External,Trial UT Plan,Trial UT Plan,Trial PDI-IPC 75/15/UPD,75,15,"57.1855, -170.254",OAL-000084,SNP1-SIX,InActive,"St Paul IslandAlaska, , 99660, US",40500.00,60,1900-Jan-00,44725,Silver,120,15.0,3.0,6.0,6.0,10.0,2.0,"4,312",100,20
901600000001299,AccountHub,Pacific Dataport Inc,ACC-DP-0000341,Pacific Dataport Inc,DP-EC-0000066,Akiak,360,351554110001584,External,Trial UT Plan,Trial UT Plan,Trial PDI-IPC 75/15/UPD,75,15,"60.912144, -161.213931",OAL-000080,AKIUS1 Beta,InActive,"ATB Akiak, AK, , 99552, US",40500.00,60,2021-Dec-10,185,Palladium,90,22.5,4.5,9.0,9.0,75.0,15.0,"10,778",75,15
901600000000901,AccountHub,Pacific Dataport Inc,ACC-DP-0000341,Pacific Dataport Inc,DP-EC-0000117,NET,360,35155411002055,External,Trial UT Plan,Trial UT Plan,Trial PDI-IPC 75/15/UPD,75,15,"52.7235, -174.1126",OAL-000102,SYA1-NET,InActive,", Shemya, Alaska, Alaska, ",40500.00,60,2022-Jan-22,142,Palladium,90,22.5,4.5,9.0,9.0,75.0,15.0,"4,074",75,15
901600000001381,PerformanceHub,TrustComm dba OneWeb Technologies,ACC-DP-0000225,TrustComm d/b/a OneWeb Technologies,DP-EC-0000021,OWT-DP1,400,35155411000065,External,Trial UT Plan,Trial UT Plan,IP Access 50/10,,,NotAvailable,,HNS-T2,InActive,,24000.00,,,,Not Available,,Not Available,Not Available,Not Available,Not Available,Not Available,Not Available,894,,
901600000001330,PerformanceHub,Pacific Dataport Inc,ACC-DP-0000341,Pacific Dataport Inc,DP-EC-0000014,PDI EC Test,360,,External,Trial UT Plan,Trial UT Plan,IP Access 50/10,,,NotAvailable,,ANCUS2,InActive,,3429.00,60,,,Not Available,,Not Available,Not Available,Not Available,Not Available,Not Available,Not Available,73,,
901600000000076,AccountHub,Pacific Dataport Inc,ACC-DP-0000341,Pacific Dataport Inc,DP-EC-0000118,Anchorage,360,351554110000990,External,Trial UT Plan,Trial UT Plan,Trial PDI-IPC 20/4/UPD,20,4,"61.173, -147.884",OAL-000103,ANCUS1 Beta,InActive,", Anchorage, 99518, US",10800.00,60,2022-Jan-14,150,Palladium,24,6.0,1.2,2.4,2.4,20.0,4.0,995,20,4
901600000001318,PerformanceHub,Pacific Dataport Inc,ACC-DP-0000341,Pacific Dataport Inc,Not Available,Not Available,360,,External,Trial UT Plan,Trial UT Plan,Not Available,,,NotAvailable,,DUTUS1 - New,InActive,,8850.00,60,,,Not Available,,Not Available,Not Available,Not Available,Not Available,Not Available,Not Available,144,,
901600000001232,AccountHub,Alaska Communications Internet LLC,ACC-DP-0000319,Alaska Communications Internet LLC,DP-EC-0000123,ORD-84394-B2Q4C5,360,351554110003903,External,Trial UT Plan,Trial UT Plan,TRIAL Classic 50/10/UG,50,10,"53.878332, -166.539919",OAL-000147,Unalaska 35706645,InActive,"551 Broadway Ave, Unalaska, AK, 99685, US",5900.00,,2022-Feb-25,108,Gold,60,10.0,2.0,4.5,4.5,10.0,2.0,0,50,10
901600000001248,AccountHub,Pacific Dataport Inc,ACC-DP-0000341,Pacific Dataport Inc,DP-EC-0000014,PDI EC Test,360,351554110001642,External,Trial UT Plan,Trial UT Plan,Trial PDI-IPC 75/15/UPD,75,15,"61.173, -149.8849",OAL-000073,ANC,InActive,", Anchorage, Alaska 99518, US",40500.00,60,2021-Dec-10,185,Palladium,90,22.5,4.5,9.0,9.0,75.0,15.0,"2,557",75,15
901600000000890,PerformanceHub,TrustComm dba OneWeb Technologies,ACC-DP-0000225,TrustComm d/b/a OneWeb Technologies,Not Available,Not Available,400,,External,Trial UT Plan,Trial UT Plan,Not Available,,,NotAvailable,,HNS-T1,InActive,,,,,,Not Available,,Not Available,Not Available,Not Available,Not Available,Not Available,Not Available,1,,
901600000000149,AccountHub,OneWeb,ACC-DP-0000647,OneWeb UT - Alaska,DP-EC-0000256,OneWeb,270,351554110001550,Internal,Internal,OW Reference UT Plan,Entry 75/15/500B,75,15,"0, 0",OAL-000174,OneWeb Akiak 2,InActive,", Akiak, 99552, US",,,2022-Mar-07,98,Bronze,90,0,0,0,0,0,0,"6,414",75,15
901600000000098,PerformanceHub,Pacific Dataport Inc,ACC-DP-0000341,Pacific Dataport Inc,Not Available,Not Available,360,,External,Trial UT Plan,Trial UT Plan,Not Available,,,NotAvailable,,ANCUS3,InActive,,8850.00,60,,,Not Available,,Not Available,Not Available,Not Available,Not Available,Not Available,Not Available,37,,
901600000001399,AccountHub,OneWeb,ACC-DP-0000546,OneWeb UT,DP-EC-0000045,OneWeb,0,351554110001741,Internal,Internal,Internal,Entry 75/15/500B,75,15,"61.19493828919867, -149.88562057184865",OAL-000151,OneWeb Office - Anchorage,InActive,"188 W. Northern Lights Blvd, Anchorage, 99503, US",,,2022-Feb-24,109,Bronze,90,0,0,0,0,0,0,391,75,15
901600000000945,AccountHub,AST 5G Ltd,ACC-DP-0000042,AST 5G Ltd,DP-EC-0000020,AST,700,351554110010544,External,Trial UT Plan,Trial UT Plan,TRIAL AST5G OCEAN CREW 100/20/3000B,100,20,"52.634825, 1.202711",OAL-000136,Bawburgh Test Terminal 1,InActive,"Lodge Farm BarnsNew Road, Bawburgh, Norfolk, NR9 3LZ, GB",,90,2022-Feb-10,123,Bronze,120,0,0,0,0,0,0,66,100,20
901600000001293,AccountHub,AST 5G Ltd,ACC-DP-0000042,AST 5G Ltd,DP-EC-0000039,Q-00000107 EC,700,351554110000602,External,DP Demo UT Plan,DP Demo UT Plan,Trial AST5G-ENT 125/25/500B,125,25,"52.59215, 1.71228",OAL-000064,AST Ref UT - GY Roof,InActive,"Satellite House, Bessemer Way, Great Yarmouth, Norfolk, NR31 0LX, ",,ContractTerm,2021-Dec-18,177,Bronze,150,0,0,0,0,0,0,892,125,25
901600000001099,AccountHub,OneWeb,ACC-DP-0000548,OneWeb Golden UT,DP-EC-0000044,One Web,0,351554110003598,Internal,Internal,OW Reference UT Plan,Classic 30/6/UG,30,6,"64.2021, -51.6446",OAL-000128,Nuuk,InActive,"Nuuk Transport ASQasapi 2, Nuuk, 3900, GL",,,2022-Feb-24,109,Gold,36,6.0,1.2,2.7,2.7,6.0,1.2,0,30,6
901600000000289,AccountHub,OneWeb,ACC-DP-0000549,OneWeb UT - Hughes,DP-EC-0000046,OneWeb,270,351554110000131,Internal,Internal,Internal,Classic 50/10/UG,50,10,"60.143757, 10.807188",OAL-000145,Oslo,InActive,"Myraveien 1, Hakadal, 1488, NO",,,2022-Feb-23,110,Gold,60,10.0,2.0,4.5,4.5,10.0,2.0,524,50,10
901600000001274,PerformanceHub,Alaska Communications Internet LLC,ACC-DP-0000319,Alaska Communications Internet LLC,Not Available,Not Available,360,,External,Trial UT Plan,Trial UT Plan,Not Available,,,NotAvailable,,City of Bethel,InActive,,5900.00,,,,Not Available,,Not Available,Not Available,Not Available,Not Available,Not Available,Not Available,8,,
901600000000330,PerformanceHub,OneWeb,ACC-DP-0000546,OneWeb UT,DP-EC-0000045,OneWeb,0,,Internal,Internal,Internal,IP Access 50/10,,,NotAvailable,,LFFUS3,InActive,,,,,,Not Available,,Not Available,Not Available,Not Available,Not Available,Not Available,Not Available,418,,
901600000000302,AccountHub,OneWeb,ACC-DP-0000549,OneWeb UT - Hughes,DP-EC-0000046,OneWeb,270,351554110000107,Internal,Internal,Internal,Classic 50/10/UG,50,10,"45.814598, 15.947915",OAL-000143,Croatia,InActive,"Antunovac 12, Zagreb, 10110, HR",,,2022-Feb-24,109,Gold,60,10.0,2.0,4.5,4.5,10.0,2.0,186,50,10
901600000000921,PerformanceHub,Alaska Communications Internet LLC,ACC-DP-0000319,Alaska Communications Internet LLC,Not Available,Not Available,360,,External,Trial UT Plan,Trial UT Plan,Not Available,,,NotAvailable,,BBTC - King Salmon,InActive,,2950.00,,,,Not Available,,Not Available,Not Available,Not Available,Not Available,Not Available,Not Available,435,,
901600000000250,AccountHub,OneWeb,ACC-DP-0000548,OneWeb Golden UT,DP-EC-0000044,One Web,0,351554110000016,Internal,Internal,OW Reference UT Plan,Classic 30/6/UG,30,6,"51.511, -.2248",OAL-000122,London,InActive,"The WestWorks, 195 Wood Lane, London, W12 7FQ, GB",,,2022-Feb-24,109,Not Available,,Not Available,Not Available,Not Available,Not Available,Not Available,Not Available,62,,
901600000000208,AccountHub,OneWeb,ACC-DP-0000549,OneWeb UT - Hughes,DP-EC-0000046,OneWeb,270,351554110000024,Internal,Internal,Internal,Classic 50/10/UG,50,10,"45.814598, 15.947915",OAL-000144,Croatia,InActive,"Antunovac 12, Zagreb, 10110, HR",,,2022-Feb-23,110,Gold,60,10.0,2.0,4.5,4.5,10.0,2.0,332,50,10
901600000001327,AccountHub,British Telecommunications pLc,ACC-DP-0000546,OneWeb UT,DP-EC-0000255,BT GS,243,351554110001915,External,Trial UT Plan,Decommissioned,Trial Entry 75/15/500B,75,15,"52.06007055265902, 1.280551696734517",OAL-000168,BT Adastral,InActive,"Martlesham Heath, Martlesham, Ipswich, Ipswich, IP5 3RY, GB",,,2022-Mar-04,101,Bronze,90,0,0,0,0,0,0,0,75,15
901600000000304,AccountHub,OneWeb,ACC-DP-0000548,OneWeb Golden UT,DP-EC-0000044,One Web,0,351554110000362,Internal,Internal,OW Reference UT Plan,Classic 30/6/UG,30,6,"51.8439877, -.9712927",OAL-000123,Westcott,InActive,"Old Control TowerBurnham Road, Westcott, HP18 0PH, GB",,,2022-Feb-24,109,Gold,36,6.0,1.2,2.7,2.7,6.0,1.2,185,30,6
901600000001244,PerformanceHub,Alaska Communications Internet LLC,ACC-DP-0000319,Alaska Communications Internet LLC,Not Available,Not Available,360,,External,Trial UT Plan,Trial UT Plan,Not Available,,,NotAvailable,,Crooked Creek,InActive,,5900.00,,,,Not Available,,Not Available,Not Available,Not Available,Not Available,Not Available,Not Available,169,,
901600000001282,AccountHub,Northwestel,ACC-DP-0000546,OneWeb UT,DP-EC-0000250,NorthwesTel - Iqaluit 2,270,351554110000867,External,Trial UT Plan,Trial UT Plan,TRIAL Classic 75/15/UG,75,15,"63.74558096188353, -68.51418401",OAL-000164,Iqaluit 2,InActive,"Iqaluit Central Office, 183 Queen Elizabeth Rd, Iqaluit, NU, Iqaluit, X0A 0H0, CA",5400.00,,2022-Mar-03,102,Gold,90,15.0,3.0,6.8,6.8,15.0,3.0,0,75,15
901600000000179,AccountHub,OneWeb,ACC-DP-0000548,OneWeb Golden UT,DP-EC-0000044,One Web,0,351554110001006,Internal,Internal,OW Reference UT Plan,Classic 75/15/UG,75,15,"62.332325, -150.032578",OAL-000114,Talkeetna,InActive,"Bartlett Earth StationSouth Comsat Road, Talkeetna, 99676, US",,,2022-Jan-14,150,Gold,90,15.0,3.0,6.8,6.8,15.0,3.0,540,75,15
901600000001085,AccountHub,OneWeb,ACC-DP-0000548,OneWeb Golden UT,DP-EC-0000044,One Web,0,351554110003200,Internal,Internal,OW Reference UT Plan,Classic 30/6/UG,30,6,"41.4515, -73.28938",OAL-000127,Southbury,InActive,"2120 River Road, Southbury, CT 06488, US",,,2022-Feb-24,109,Gold,36,6.0,1.2,2.7,2.7,6.0,1.2,34,30,6
901600000001356,AccountHub,Northwestel,ACC-DP-0000546,OneWeb UT,DP-EC-0000249,NorthwesTel - Iqaluit 1,270,351554110000727,External,Trial UT Plan,Trial UT Plan,TRIAL Classic 75/15/UG,75,15,"63.74558096188353, -68.51418401",OAL-000163,Iqaluit 1,InActive,"Iqaluit Central Office, 183 Queen Elizabeth Rd, Iqaluit, NU, Iqaluit, X0A 0H0, CA",5400.00,,2022-Mar-03,102,Gold,90,15.0,3.0,6.8,6.8,15.0,3.0,0,75,15
901600000000357,AccountHub,OneWeb,ACC-DP-0000549,OneWeb UT - Hughes,DP-EC-0000046,OneWeb,270,351554110000206,Internal,Internal,Internal,Classic 50/10/UG,50,10,"41.4515, -73.28938",OAL-000169,Southbury,InActive,"2120 River Road, Southbury, CT 06488, US",,,2022-Mar-04,101,Gold,60,10.0,2.0,4.5,4.5,10.0,2.0,0,50,10
901600000000319,AccountHub,OneWeb,ACC-DP-0000549,OneWeb UT - Hughes,DP-EC-0000046,OneWeb,270,351554110000040,Internal,Internal,Internal,Classic 50/10/UG,50,10,"59.211735, 18.083748",OAL-000157,Stockholm,InActive,"Agesta, SSC Stockholm, Teleport, Vidjavagen,, , 23 52 Vidja, SE",,,2022-Feb-24,109,Gold,60,10.0,2.0,4.5,4.5,10.0,2.0,60,50,10
901600000000202,AccountHub,OneWeb,ACC-DP-0000549,OneWeb UT - Hughes,DP-EC-0000046,OneWeb,270,351554110000081,Internal,Internal,Internal,Classic 50/10/UG,50,10,"37.913334, 13.36133",OAL-000141,Palermo,InActive,"Telespazio, SP5, Piana degli Albanesi PA, 90037 Palermo, IT",,,2022-Feb-24,109,Gold,60,10.0,2.0,4.5,4.5,10.0,2.0,729,50,10
901600000000331,AccountHub,OneWeb,ACC-DP-0000549,OneWeb UT - Hughes,DP-EC-0000046,OneWeb,270,351602004120646,Internal,Internal,Internal,Classic 50/10/UG,50,10,"37.913334, 13.36133",OAL-000140,Palermo,InActive,"Telespazio, SP5, Piana degli Albanesi PA, 90037 Palermo, IT",,,2022-Feb-24,109,Gold,60,10.0,2.0,4.5,4.5,10.0,2.0,"1,166",50,10
901600000000301,AccountHub,OneWeb,ACC-DP-0000548,OneWeb Golden UT,DP-EC-0000044,One Web,0,351554110000164,Internal,Internal,OW Reference UT Plan,Classic 30/6/UG,30,6,"62.332325, -150.032578",OAL-000126,Talkeetna,InActive,"Bartlett Earth StationSouth Comsat Road, Talkeetna, 99676, US",,,2022-Feb-24,109,Gold,36,6.0,1.2,2.7,2.7,6.0,1.2,828,30,6
901600000000279,AccountHub,OneWeb,ACC-DP-0000549,OneWeb UT - Hughes,DP-EC-0000046,OneWeb,270,351554110000057,Internal,Internal,Internal,Classic 50/10/UG,50,10,"59.211735, 18.083748",OAL-000156,Stockholm,InActive,"Agesta, SSC Stockholm, Teleport, Vidjavagen,, , 23 52 Vidja, SE",,,2022-Feb-24,109,Gold,60,10.0,2.0,4.5,4.5,10.0,2.0,0,50,10
901600000000181,AccountHub,OneWeb,ACC-DP-0000549,OneWeb UT - Hughes,DP-EC-0000046,OneWeb,270,351554110000958,Internal,Internal,Internal,Classic 50/10/UG,50,10,"26.747926, -81.049149",OAL-000161,Clewiston,InActive,"400 Air Glades Blvd, Clewiston, Florida, 33440, US",,,2022-Mar-10,95,Gold,60,10.0,2.0,4.5,4.5,10.0,2.0,0,50,10
901600000000207,AccountHub,OneWeb,ACC-DP-0000549,OneWeb UT - Hughes,DP-EC-0000046,OneWeb,270,351554110000065,Internal,Internal,Internal,Classic 50/10/UG,50,10,"37.913334, 13.36133",OAL-000138,Palermo,InActive,"Telespazio, SP5, Piana degli Albanesi PA, 90037 Palermo, IT",,,2022-Feb-24,109,Gold,60,10.0,2.0,4.5,4.5,10.0,2.0,220,50,10
901600000000875,AccountHub,Pacific Dataport Inc,ACC-DP-0000341,Pacific Dataport Inc,DP-EC-0000165,ATB.1,360,351554110006211,External,Trial UT Plan,Trial UT Plan,TRIAL Classic 75/15/UG,75,15,"60.796242, -161.791428",OAL-000178,Bethel,InActive,", Bethel, , US",8850.00,60,2022-Mar-16,89,Gold,90,15.0,3.0,6.8,6.8,15.0,3.0,0,75,15
901600000000198,AccountHub,OneWeb,ACC-DP-0000546,OneWeb UT,DP-EC-0000045,OneWeb,0,351554110000248,Internal,Internal,Internal,Entry 75/15/500B,75,15,"51.8439877, -.9712927",OAL-000179,Westcott,InActive,"Old Control TowerBurnham Road, Westcott, HP18 0PH, GB",,,2022-Mar-16,89,Bronze,90,0,0,0,0,0,0,0,75,15
901600000000146,AccountHub,Norway Defence,ACC-DP-0000546,OneWeb UT,DP-EC-0000140,Norway defence,947,351554110002715,External,Trial UT Plan,Trial UT Plan,Classic 50/10/UG,50,10,"59.9752, 11.04",OAL-000116,Oslo - Norway Defence,InActive,"Gunnar Randers vei 19, Kjeller, Postboks 25, 2027, NO",,,2022-Jan-26,138,Gold,60,10.0,2.0,4.5,4.5,10.0,2.0,82,50,10
901600000001333,Not Available,OneWeb,Not Available,Not Available,Not Available,Not Available,270,,Internal,Internal,Internal,Not Available,,,NotAvailable,,Not Available,InActive,,,,,,Not Available,,Not Available,Not Available,Not Available,Not Available,Not Available,Not Available,228,,
901600000000056,AccountHub,Pacific Dataport Inc,ACC-DP-0000341,Pacific Dataport Inc,DP-EC-0000074,RSE,360,351554110001626,External,Trial UT Plan,Trial UT Plan,Trial PDI-IPC 75/15/UPD,75,15,"60.199, -154.309",OAL-000086,ANK,InActive,"Port AlsworthAlaska, , 99653, US",40500.00,60,2021-Dec-23,172,Palladium,90,22.5,4.5,9.0,9.0,75.0,15.0,198,75,15
901600000000046,PerformanceHub,Pacific Dataport Inc,ACC-DP-0000341,Pacific Dataport Inc,DP-EC-0000014,PDI EC Test,360,,External,Trial UT Plan,Trial UT Plan,IP Access 50/10,,,NotAvailable,,BETUS2,InActive,,3429.00,60,,,Not Available,,Not Available,Not Available,Not Available,Not Available,Not Available,Not Available,0,,
901600000000214,PerformanceHub,OneWeb,Not Available,Not Available,Not Available,Not Available,0,,Internal,Internal,Internal,Not Available,,,NotAvailable,,CLEUS2,InActive,,,,,,Not Available,,Not Available,Not Available,Not Available,Not Available,Not Available,Not Available,14,,
901600000000793,AccountHub,OneWeb,ACC-DP-0000549,OneWeb UT - Hughes,DP-EC-0000046,OneWeb,270,351554110006138,Internal,Internal,Internal,Classic 50/10/UG,50,10,"78.228455, 15.395594",OAL-000158,Svalbard,InActive,"Svalbard Satellite Station, Svalbard, Norway, , , NO",,,2022-Feb-24,109,Gold,60,10.0,2.0,4.5,4.5,10.0,2.0,288,50,10
901600000001146,AccountHub,OneWeb,ACC-DP-0000549,OneWeb UT - Hughes,DP-EC-0000046,OneWeb,270,351554110003853,Internal,Internal,Internal,Classic 50/10/UG,50,10,"78.228455, 15.395594",OAL-000159,Svalbard,InActive,"Svalbard Satellite Station, Svalbard, Norway, , , NO",,,2022-Feb-24,109,Gold,60,10.0,2.0,4.5,4.5,10.0,2.0,133,50,10
901600000000203,AccountHub,OneWeb,ACC-DP-0000549,OneWeb UT - Hughes,DP-EC-0000046,OneWeb,270,351554110000073,Internal,Internal,Internal,Classic 50/10/UG,50,10,"37.913334, 13.36133",OAL-000137,Palermo,InActive,"Telespazio, SP5, Piana degli Albanesi PA, 90037 Palermo, IT",,,2022-Feb-24,109,Gold,60,10.0,2.0,4.5,4.5,10.0,2.0,171,50,10
901600000001004,PerformanceHub,OneWeb,ACC-DP-0000546,OneWeb UT,DP-EC-0000045,OneWeb,0,,Internal,Internal,Internal,IP Access 50/10,,,NotAvailable,,LFFUS5,InActive,,,,,,Not Available,,Not Available,Not Available,Not Available,Not Available,Not Available,Not Available,84,,
901600000001275,AccountHub,Pacific Dataport Inc,ACC-DP-0000341,Pacific Dataport Inc,DP-EC-0000056,ASTA,360,351554110001501,External,Trial UT Plan,Trial UT Plan,Trial PDI-IPC 75/15/UPD,75,15,"61.181536, -149.884992",OAL-000075,ANC,InActive,", Anchorage, Alaska 99518, US",40500.00,60,2021-Dec-21,174,Palladium,90,22.5,4.5,9.0,9.0,75.0,15.0,206,75,15
901600000001336,AccountHub,Pacific Dataport Inc,ACC-DP-0000341,Pacific Dataport Inc,DP-EC-0000073,ERA,360,351554110000479,External,Trial UT Plan,Trial UT Plan,Trial PDI-IPC 75/15/UPD,75,15,"53.896, -166.5416",OAL-000085,DUT1-ERA,InActive,"Dutch HarborAlaska, , 99692, US",40500.00,60,2021-Dec-13,182,Palladium,90,22.5,4.5,9.0,9.0,75.0,15.0,"5,516",75,15
901600000000151,AccountHub,Alaska Communications Internet LLC,ACC-DP-0000319,Alaska Communications Internet LLC,DP-EC-0000101,ACS Test,360,351554110001451,External,Trial UT Plan,Trial UT Plan,TRIAL AC Classic 50/10/UG,50,10,"61.186108, -149.870407",OAL-000101,Anchorage Demo,InActive,"Communications Avenue, Anchorage, 99599, ",5900.00,,2022-Feb-09,124,Gold,60,10.0,2.0,4.5,4.5,10.0,2.0,507,50,10
901600000000916,AccountHub,AST 5G Ltd,ACC-DP-0000042,AST 5G Ltd,DP-EC-0000020,AST,700,351554110010551,External,Trial UT Plan,Trial UT Plan,TRIAL AST5G OCEAN 75/15/2500S,75,15,"52.634825, 1.202711",OAL-000195,Bawburgh Test Terminal 2,InActive,"Lodge Farm Barns, New Road, Bawburgh,, Norwich, NR93LZ, GB",,90,2022-Mar-24,81,Silver,90,11.3,2.3,4.5,4.5,7.5,1.5,245,75,15
901600000001143,AccountHub,OneWeb,ACC-DP-0000549,OneWeb UT - Hughes,DP-EC-0000046,OneWeb,270,351554110006120,Internal,Internal,Internal,Classic 50/10/UG,50,10,"78.228455, 15.395594",OAL-000160,Svalbard,InActive,"Svalbard Satellite Station, Svalbard, Norway, , , NO",,,2022-Feb-24,109,Gold,60,10.0,2.0,4.5,4.5,10.0,2.0,21,50,10
901600000001292,AccountHub,TrustComm dba OneWeb Technologies,ACC-DP-0000225,TrustComm d/b/a OneWeb Technologies,DP-EC-0000197,20124475,400,351554110001030,External,Trial UT Plan,Trial UT Plan,TRIAL Classic 50/10/UG,50,10,"71.47, -148.37",OAL-000146,Prudhoe,InActive,", Prudhoe, , US",,,2022-Feb-17,116,Gold,60,10.0,2.0,4.5,4.5,10.0,2.0,22,50,10
901609999990111,Not Available,OneWeb,Not Available,Not Available,Not Available,Test,0,,Internal,Internal,Internal,Not Available,Not Available,Not Available,NotAvailable,Not Available,Not Available,InActive,,0.00,,,,Not Available,,Not Available,Not Available,Not Available,Not Available,Not Available,Not Available,0,,
901600000000236,AccountHub,OneWeb,ACC-DP-0000546,OneWeb UT,DP-EC-0000045,OneWeb,0,351554110000149,Internal,Internal,Internal,Entry 75/15/500B,75,15,"51.511, -.2248",OAL-000177,London,InActive,"195 Wood Lane, London, W12 7FQ, GB",,,2022-Mar-14,91,Bronze,90,0,0,0,0,0,0,42,75,15
901609999991001,Not Available,OneWeb,Not Available,Not Available,Not Available,Test,0,,Internal,Internal,Internal,Not Available,Not Available,Not Available,NotAvailable,Not Available,Not Available,InActive,,0.00,,,,Not Available,,Not Available,Not Available,Not Available,Not Available,Not Available,Not Available,0,,
901600000001120,AccountHub,OneWeb,ACC-DP-0000546,OneWeb UT,DP-EC-0000045,OneWeb,0,351554110003911,Internal,Internal,Internal,Entry 75/15/500B,75,15,"61.19493828919867, -149.88562057184865",OAL-000173,OneWeb Office - Anchorage,InActive,"188 W. Northern Lights Blvd, Anchorage, 99503, US",,,2022-Mar-08,97,Bronze,90,0,0,0,0,0,0,0,75,15
901600000001311,AccountHub,Pacific Dataport Inc,ACC-DP-0000341,Pacific Dataport Inc,DP-EC-0000071,NNK,360,351554110000966,External,Trial UT Plan,Trial UT Plan,Trial PDI-IPC 75/15/UPD,75,15,"58.746, -156.957",OAL-000083,CCH-NNK,InActive,", Naknek, AK, 99633, US",40500.00,60,2021-Dec-21,174,Palladium,90,22.5,4.5,9.0,9.0,75.0,15.0,75,75,15
901600000000080,AccountHub,TrustComm dba OneWeb Technologies,ACC-DP-0000225,TrustComm d/b/a OneWeb Technologies,DP-EC-0000064,OWT Germany Demo,400,351554110002004,External,Trial UT Plan,Trial UT Plan,Trial IPC 75/15/UPD,75,15,"48.6819, 9.1996",OAL-000077,Stuttgart,InActive,", Stuttgrat, 70376, DE",,,2021-Dec-21,174,Palladium,90,22.5,4.5,9.0,9.0,75.0,15.0,0,75,15
901600000000081,AccountHub,British Telecommunications pLc,ACC-DP-0000546,OneWeb UT,DP-EC-0000230,BT M&B,243,351554110002319,External,Trial UT Plan,Trial UT Plan,Trial Entry 75/15/500B,75,15,"52.032, -2.841",OAL-000152,BT - Madley Satellite Communications Centre,InActive,"Stoney Street, Madley, Hereford, Madley, HR2 9NH, GB",,,2022-Feb-24,109,Bronze,90,0,0,0,0,0,0,2,75,15
901600000000140,AccountHub,Rock Networks,ACC-DP-0000312,ROCK Networks,DP-EC-0000068,Rock Networks Demo site,300,351554110000701,External,DP Demo UT Plan,DP Demo UT Plan,Trial RN-GW 25/5/UG,25,5,"45.38231, -75.61783",OAL-000082,Rock Networks HQ,InActive,"1009 Thomas Spratt PL, Ottawa, K1G 5L5, CA",,,2021-Dec-30,165,Gold,30,5.0,1.0,2.3,2.3,5.0,1.0,0,25,5
901600000000262,PerformanceHub,OneWeb,ACC-DP-0000546,OneWeb UT,DP-EC-0000045,OneWeb,0,,Internal,Internal,Internal,IP Access 50/10,,,NotAvailable,,"LFFUS4 - Demo UT, Lake Forest",InActive,,,,,,Not Available,,Not Available,Not Available,Not Available,Not Available,Not Available,Not Available,9,,
901600000001396,AccountHub,TrustComm dba OneWeb Technologies,ACC-DP-0000225,TrustComm d/b/a OneWeb Technologies,DP-EC-0000063,SJA,400,351554110001139,External,Trial UT Plan,Trial UT Plan,Trial IPC 75/15/UPD,75,15,"48.6819, 9.1996",OAL-000088,SJA Germany,InActive,", Stuttgart, , DE",,,2021-Dec-15,180,Palladium,90,22.5,4.5,9.0,9.0,75.0,15.0,19,75,15
905563348889-te,Not Available,OneWeb,Not Available,Not Available,Not Available,Test,0,,Internal,Internal,Internal,Not Available,Not Available,Not Available,NotAvailable,Not Available,Not Available,InActive,,0.00,,,,Not Available,,Not Available,Not Available,Not Available,Not Available,Not Available,Not Available,0,,
8095445348889-t,Not Available,OneWeb,Not Available,Not Available,Not Available,Test,0,,Internal,Internal,Internal,Not Available,Not Available,Not Available,NotAvailable,Not Available,Not Available,InActive,,0.00,,,,Not Available,,Not Available,Not Available,Not Available,Not Available,Not Available,Not Available,0,,
901600000000127,AccountHub,Pacific Dataport Inc,ACC-DP-0000341,Pacific Dataport Inc,DP-EC-0000074,RSE,360,351554110001055,External,Trial UT Plan,Trial UT Plan,Trial PDI-IPC 75/15/UPD,75,15,"62.855782, -152.62072",OAL-000087,TLF,InActive,", Mystic Lake, AK, 99757, US",40500.00,60,2021-Dec-16,179,Palladium,90,22.5,4.5,9.0,9.0,75.0,15.0,56,75,15
901600000001351,AccountHub,Softbank Corp,ACC-DP-0000546,OneWeb UT,DP-EC-0000215,Softbank Komatsu,250,351554110001972,External,Trial UT Plan,Trial UT Plan,Classic 75/15/UG,75,15,"54.8938, -1.5809",OAL-000139,Softbank - Komatsu UK Durham,InActive,"Durham RoadBirtleyChester-le-Street, Durham, DH3 2QX, GB",,,2022-Feb-21,112,Gold,90,15.0,3.0,6.8,6.8,15.0,3.0,28,75,15
901600000001255,AccountHub,Shared Services Canada,ACC-DP-0000546,OneWeb UT,DP-EC-0000279,Shared Services Canada - Department of National Defence,404,351554110001691,External,Trial UT Plan,Trial UT Plan,TRIAL Classic 50/10/UG,50,10,"45.345228, -75.885469",OAL-000186,Department of National Defence,InActive,"Building T85A, 3701 Carling Ave, Ottawa, K2K 2Y7, CA",,,2022-Mar-16,89,Gold,60,10.0,2.0,4.5,4.5,10.0,2.0,0,50,10
901600000001316,AccountHub,Marlink AS,ACC-DP-0000022,Marlink AS,DP-EC-0000225,Marlink AS,700,351554110002467,External,DP Demo UT Plan,DP Demo UT Plan,MARLINKTEST Entry 75/15/500B,75,15,"58.538309, 6.467338",OAL-000162,Eik Teleport,InActive,"Kjoermovein 180, Hovsherad, 4462, NO",,,2022-Mar-04,101,Bronze,90,0,0,0,0,0,0,0,75,15
901600000001289,AccountHub,Galaxy Broadband Communications Inc,ACC-DP-0000112,Galaxy Broadband Communications Inc,DP-EC-0000047,Galaxy Broadband,270,351554110000974,External,Trial UT Plan,Trial UT Plan,Trial GBA-ENT 50/10US (Unlimited Silver),50,10,"53.51357, -113.43428",OAL-000066,Galaxy Edmonton,InActive,"7668 46st NW, Edmonton, T6B 2J7 AB, CA",5400.00,30,2021-Dec-23,172,Silver,60,7.5,1.5,3.0,3.0,5.0,1.0,1,50,10
901600000000138,AccountHub,British Telecommunications pLc,ACC-DP-0000546,OneWeb UT,DP-EC-0000231,BT EE,243,351554110002327,External,Trial UT Plan,Trial UT Plan,Trial Entry 75/15/500B,75,15,"51.543333, -2.571667",OAL-000154,Bristol Parkgate Building,InActive,"2000 Park Avenue, Aztec West, Almondsbury, Almondsbury, BS32 4TE, GB",,,2022-Feb-25,108,Bronze,90,0,0,0,0,0,0,1,75,15
901600000001287,AccountHub,ISM Information Systems Management Canada Corp,ACC-DP-0000546,OneWeb UT,DP-EC-0000252,Kyndryl - AR Test 2,270,351554110002244,External,Trial UT Plan,Trial UT Plan,TRIAL Classic 75/15/UG,75,15,"50.41, -104.59",OAL-000165,Regina AR Test 2,InActive,"ISM/Kyndryl Headquarters, Regina, S4S 7H1, CA",5400.00,,2022-Mar-08,97,Gold,90,15.0,3.0,6.8,6.8,15.0,3.0,0,75,15
901600000001181,AccountHub,Galaxy Broadband Communications Inc,ACC-DP-0000546,OneWeb UT,DP-EC-0000254,Galaxy - Pipestone 2,270,351554110003291,External,Trial UT Plan,Trial UT Plan,TRIAL Classic 75/15/UG,75,15,"52.30872, -90.57527",OAL-000167,Pipestone mine site 2,InActive,"Pipestone mine site, , , CA",5400.00,30,2022-Mar-04,101,Gold,90,15.0,3.0,6.8,6.8,15.0,3.0,0,75,15
901600000001314,PerformanceHub,TrustComm dba OneWeb Technologies,ACC-DP-0000225,TrustComm d/b/a OneWeb Technologies,DP-EC-0000021,OWT-DP1,400,,External,Trial UT Plan,Trial UT Plan,IP Access 50/10,,,NotAvailable,,HNS-MD,InActive,,,,,,Not Available,,Not Available,Not Available,Not Available,Not Available,Not Available,Not Available,12,,
901600000001118,AccountHub,Shared Services Canada,ACC-DP-0000546,OneWeb UT,DP-EC-0000280,Shared Services Canada - RCMP,404,351554110002889,External,Trial UT Plan,Trial UT Plan,TRIAL Classic 50/10/UG,50,10,"45.457377, -75.56192",OAL-000187,Technical Operations,InActive,"1426 St. Joseph Blvd, Ottawa, K1C 7K9, CA",,,2022-Mar-16,89,Gold,60,10.0,2.0,4.5,4.5,10.0,2.0,0,50,10
901600000001050,AccountHub,OneWeb,ACC-DP-0000549,OneWeb UT - Hughes,DP-EC-0000046,OneWeb,270,351554110004133,Internal,Internal,Internal,Classic 50/10/UG,50,10,"37.913334, 13.36133",OAL-000142,Palermo,InActive,"Telespazio, SP5, Piana degli Albanesi PA, 90037 Palermo, IT",,,2022-Feb-23,110,Gold,60,10.0,2.0,4.5,4.5,10.0,2.0,225,50,10
901600000000272,AccountHub,OneWeb,ACC-DP-0000548,OneWeb Golden UT,DP-EC-0000044,One Web,0,351554110000198,Internal,Internal,OW Reference UT Plan,Classic 30/6/UG,30,6,"38.8692, -9.2817517",OAL-000124,Sintra,InActive,"Centro Operacional de Satélites do Continente – PT ComunicaçõesRua Rádio Marconi, , 2715-343 Almargem do Bispo, Pêro Pinheiro e Montelavar, PT",,,2022-Mar-16,89,Gold,36,6.0,1.2,2.7,2.7,6.0,1.2,131,30,6
901600000000055,AccountHub,ISM Information Systems Management Canada Corp,ACC-DP-0000546,OneWeb UT,DP-EC-0000125,Kyndryl training & demo system,270,351554110001683,External,DP Demo UT Plan,DP Demo UT Plan,Classic 75/15/UG,75,15,"50.41499, -104.59113",OAL-000109,Kyndryl Regina site,InActive,"ISM CanadaOne Research Dr, Regina, S4S 7H1, CA",5400.00,,2022-Jan-24,140,Gold,90,15.0,3.0,6.8,6.8,15.0,3.0,0,75,15
901600000000086,AccountHub,TrustComm dba OneWeb Technologies,ACC-DP-0000225,TrustComm d/b/a OneWeb Technologies,DP-EC-0000075,OWT Beta Test Terminal,400,351554110000891,External,Trial UT Plan,Trial UT Plan,Trial IPC 75/15/UPD,75,15,"38.72, 77.15",OAL-000090,Ft Belvoir Beta,InActive,"Ft Belvoir, , , US",,,2021-Dec-21,174,Palladium,90,22.5,4.5,9.0,9.0,75.0,15.0,4,75,15
901600000001203,AccountHub,Galaxy Broadband Communications Inc,ACC-DP-0000546,OneWeb UT,DP-EC-0000253,Galaxy - Pipestone 1,270,351554110003135,External,Trial UT Plan,Trial UT Plan,TRIAL Classic 75/15/UG,75,15,"52.30872, -90.57527",OAL-000166,Pipestone mine site,InActive,"Pipestone mine site, , , CA",5400.00,30,2022-Mar-04,101,Gold,90,15.0,3.0,6.8,6.8,15.0,3.0,0,75,15
901600000000117,AccountHub,OneWeb,ACC-DP-0000595,OneWeb UT - Intellian,DP-EC-0000271,OneWeb,0,351554110001808,Internal,Internal,Internal,Classic 50/10/UG,50,10,"51.953279, 4.448593",OAL-000182,Rotterdam,InActive,"Tempelhof 12, Rotterdam, 3045PV, NL",,,2022-Mar-15,90,Gold,60,10.0,2.0,4.5,4.5,10.0,2.0,0,50,10
901600000000062,PerformanceHub,Alaska Communications Internet LLC,ACC-DP-0000319,Alaska Communications Internet LLC,Not Available,Not Available,360,,External,Trial UT Plan,Trial UT Plan,Not Available,,,NotAvailable,,AVCP - Bethel,InActive,,12000.00,,,,Not Available,,Not Available,Not Available,Not Available,Not Available,Not Available,Not Available,394,,
901600000000064,PerformanceHub,Catapult,Not Available,Not Available,Not Available,Catapult,270,,External,Trial UT Plan,Trial UT Plan,Not Available,,,NotAvailable,,Catapult_OS,InActive,,,,,,Not Available,,Not Available,Not Available,Not Available,Not Available,Not Available,Not Available,0,,
901600000001400,AccountHub,TrustComm dba OneWeb Technologies,ACC-DP-0000225,TrustComm d/b/a OneWeb Technologies,DP-EC-0000163,20124467-2,400,351554110001428,External,Trial UT Plan,Trial UT Plan,TRIAL Classic 50/10/UG,50,10,"39.59, -77.75",OAL-000130,Hagerstown-2,InActive,"17625 Technology Blvd, Hagerstown, 21740, ",,,2022-Feb-07,126,Gold,60,10.0,2.0,4.5,4.5,10.0,2.0,4,50,10
901600000001307,PerformanceHub,OneWeb,Not Available,Not Available,Not Available,Not Available,270,,Internal,Internal,Internal,Not Available,,,NotAvailable,,GERUS2,InActive,,,,,,Not Available,,Not Available,Not Available,Not Available,Not Available,Not Available,Not Available,0,,
901600000001341,PerformanceHub,Catapult,Not Available,Not Available,Not Available,Catapult,270,,External,Trial UT Plan,Trial UT Plan,Not Available,,,NotAvailable,,Catapult_Chilbolton,InActive,,,,,,Not Available,,Not Available,Not Available,Not Available,Not Available,Not Available,Not Available,0,,
901600000001344,PerformanceHub,Pacific Dataport Inc,ACC-DP-0000341,Pacific Dataport Inc,DP-EC-0000014,PDI EC Test,360,,External,Trial UT Plan,Trial UT Plan,IP Access 50/10,,,NotAvailable,,BETUS1,InActive,,3429.00,60,,,Not Available,,Not Available,Not Available,Not Available,Not Available,Not Available,Not Available,0,,
901600000000312,AccountHub,OneWeb,ACC-DP-0000548,OneWeb Golden UT,DP-EC-0000044,One Web,360,351554110000255,Internal,Internal,Internal,Classic 30/6/UG,30,6,"34.401512, -119.07386",OAL-000226,Santa Paula,InActive,,,,2022-Apr-13,61,Gold,36,6.0,1.2,2.7,2.7,6.0,1.2,140,30,6
901600000000209,PerformanceHub,Pacific Dataport Inc,ACC-DP-0000341,Pacific Dataport Inc,DP-EC-0000014,PDI EC Test,360,,External,Trial UT Plan,Trial UT Plan,IP Access 50/10,,,NotAvailable,,FBXUS1,InActive,,3429.00,60,,,Not Available,,Not Available,Not Available,Not Available,Not Available,Not Available,Not Available,0,,
901609999990050,Not Available,OneWeb,Not Available,Not Available,Not Available,Test,0,,Internal,Internal,Internal,Not Available,Not Available,Not Available,NotAvailable,Not Available,Not Available,InActive,,0.00,,,,Not Available,,Not Available,Not Available,Not Available,Not Available,Not Available,Not Available,0,,
901600000001291,PerformanceHub,Pacific Dataport Inc,ACC-DP-0000341,Pacific Dataport Inc,Not Available,Not Available,360,,External,Trial UT Plan,Trial UT Plan,Not Available,,,NotAvailable,,FBXUS2,InActive,,8850.00,60,,,Not Available,,Not Available,Not Available,Not Available,Not Available,Not Available,Not Available,0,,
901600000001368,PerformanceHub,Pacific Dataport Inc,ACC-DP-0000341,Pacific Dataport Inc,DP-EC-0000014,PDI EC Test,360,,External,Trial UT Plan,Trial UT Plan,IP Access 50/10,,,NotAvailable,,NOMUS1,InActive,,3429.00,60,,,Not Available,,Not Available,Not Available,Not Available,Not Available,Not Available,Not Available,0,,
901600000000156,AccountHub,OneWeb,ACC-DP-0000595,OneWeb UT - Intellian,DP-EC-0000271,OneWeb,0,351554110000685,Internal,Internal,Internal,Classic 50/10/UG,50,10,"33.649938, -117.714755",OAL-000183,Irvine,InActive,"11 Studebaker, Irvine, CA 92618, US",,,2022-Mar-15,90,Gold,60,10.0,2.0,4.5,4.5,10.0,2.0,0,50,10
901600000001395,PerformanceHub,Pacific Dataport Inc,ACC-DP-0000341,Pacific Dataport Inc,DP-EC-0000014,PDI EC Test,360,,External,Trial UT Plan,Trial UT Plan,IP Access 50/10,,,NotAvailable,,NOMUS2,InActive,,3429.00,60,,,Not Available,,Not Available,Not Available,Not Available,Not Available,Not Available,Not Available,0,,
901600000000799,AccountHub,Galaxy Broadband Communications Inc,ACC-DP-0000546,OneWeb UT,DP-EC-0000257,Galaxy - AE Meliadine UT 1 (VV Testing),270,351554110005882,External,Trial UT Plan,Trial UT Plan,TRIAL Classic 75/15/UG,75,15,"63.04294444, -92.22033333",OAL-000171,Galaxy - AE Meliadine Mine Site,InActive,", , , CA",36000.00,30,2022-Mar-08,97,Gold,90,15.0,3.0,6.8,6.8,15.0,3.0,0,75,15
901600000001384,AccountHub,TrustComm dba OneWeb Technologies,ACC-DP-0000225,TrustComm d/b/a OneWeb Technologies,DP-EC-0000021,OWT-DP1,400,351554110000578,External,Trial UT Plan,Trial UT Plan,Trial IPC 75/15/UPD,75,15,"64.84041, -147.70238",OAL-000092,OWT DP1-AK3,InActive,"Fairbanks, AK, , , US",,,2022-Jan-11,153,Palladium,90,22.5,4.5,9.0,9.0,75.0,15.0,0,75,15
901600000000368,AccountHub,OneWeb,ACC-DP-0000595,OneWeb UT - Intellian,DP-EC-0000271,OneWeb,0,351554110000230,Internal,Internal,Internal,Classic 50/10/UG,50,10,"39.02862, -77.135147",OAL-000181,Bethesda,InActive,"6700 Rockledge Dr, Bethesda, 20817, US",,,2022-Mar-16,89,Gold,60,10.0,2.0,4.5,4.5,10.0,2.0,0,50,10
901600000000177,AccountHub,TrustComm dba OneWeb Technologies,ACC-DP-0000225,TrustComm d/b/a OneWeb Technologies,DP-EC-0000021,OWT-DP1,400,351554110000735,External,Trial UT Plan,Trial UT Plan,Trial IPC 75/15/UPD,75,15,"64.84041, -147.70238",OAL-000091,OWT DP1-AK2,InActive,"Fairbanks, AK, , , US",,,2022-Jan-11,153,Palladium,90,22.5,4.5,9.0,9.0,75.0,15.0,0,75,15
901600000001350,PerformanceHub,OneWeb,ACC-DP-0000549,OneWeb UT - Hughes,Not Available,Not Available,270,,Internal,Internal,Internal,Not Available,,,NotAvailable,,GERUS1,InActive,,,,,,Not Available,,Not Available,Not Available,Not Available,Not Available,Not Available,Not Available,0,,
901600000001334,AccountHub,TrustComm dba OneWeb Technologies,ACC-DP-0000225,TrustComm d/b/a OneWeb Technologies,DP-EC-0000069,Customer 38,400,351554110000560,External,Trial UT Plan,Trial UT Plan,Trial IPC 75/15/UPD,75,15,"38.526, -77.444",OAL-000089,38 Special,InActive,", Quantico, VA, , US",,,2021-Dec-15,180,Palladium,90,22.5,4.5,9.0,9.0,75.0,15.0,0,75,15
901600000001252,PerformanceHub,Alaska Communications Internet LLC,ACC-DP-0000319,Alaska Communications Internet LLC,Not Available,Not Available,360,,External,Trial UT Plan,Decommissioned,Not Available,,,NotAvailable,,City of Bethel Old,InActive,,5900.00,,,,Not Available,,Not Available,Not Available,Not Available,Not Available,Not Available,Not Available,0,,
901600000001315,PerformanceHub,Alaska Communications Internet LLC,ACC-DP-0000319,Alaska Communications Internet LLC,Not Available,Not Available,360,,External,Trial UT Plan,Decommissioned,Not Available,,,NotAvailable,,King Salmon - Decomm,InActive,,2950.00,,,,Not Available,,Not Available,Not Available,Not Available,Not Available,Not Available,Not Available,0,,
901600000000205,Not Available,OneWeb,Not Available,Not Available,Not Available,OneWeb UT Hughes,270,,Internal,Internal,Internal,Not Available,,,NotAvailable,,Not Available,InActive,,,,,,Not Available,,Not Available,Not Available,Not Available,Not Available,Not Available,Not Available,8,,
901600000001394,PerformanceHub,OneWeb,Not Available,Not Available,Not Available,Not Available,270,,Internal,Internal,Decommissioned,Not Available,,,NotAvailable,,Old ANCUS1 Removed,InActive,,,,,,Not Available,,Not Available,Not Available,Not Available,Not Available,Not Available,Not Available,0,,
901600000000234,PerformanceHub,OneWeb,ACC-DP-0000548,OneWeb Golden UT,DP-EC-0000044,One Web,0,,Internal,Internal,Decommissioned,REFERENCE-UT-PRD,,,NotAvailable,,TKAUS2-OLD,InActive,,,,,,Not Available,,Not Available,Not Available,Not Available,Not Available,Not Available,Not Available,0,,
901600000001165,AccountHub,Northwestel,ACC-DP-0000546,OneWeb UT,DP-EC-0000184,NorthwesTel - Yellowknife 1,270,351554110002731,External,Trial UT Plan,Trial UT Plan,Classic 75/15/UG,75,15,"62.4561830404678, -114.409941942603",OAL-000134,Yellowknife 1,InActive,"Temporary site to test UT before moving to mine site, , , CA",5400.00,,2022-Feb-10,123,Gold,90,15.0,3.0,6.8,6.8,15.0,3.0,0,75,15
901600000001249,AccountHub,Northwestel,ACC-DP-0000546,OneWeb UT,DP-EC-0000185,NorthwesTel - Yellowknife 2,270,351554110002798,External,Trial UT Plan,Trial UT Plan,Classic 75/15/UG,75,15,"62.4561830404678, -114.409941942603",OAL-000135,Yellowknife 2,InActive,"Temporary site to test UT before moving to mine site, , , CA",5400.00,,2022-Feb-10,123,Gold,90,15.0,3.0,6.8,6.8,15.0,3.0,0,75,15
901600000001039,AccountHub,Northwestel,ACC-DP-0000546,OneWeb UT,DP-EC-0000126,NorthwesTel training & demo system,270,351554110002848,External,Trial UT Plan,Trial UT Plan,Classic 75/15/UG,75,15,"60.729486, -135.086447",OAL-000112,NorthwesTel Whitehorse site UT#2,InActive,"183 Range Road, Whitehorse, Yukon, Y1A 3E5, CA",5400.00,,2022-Jan-24,140,Gold,90,15.0,3.0,6.8,6.8,15.0,3.0,0,75,15
901600000000204,AccountHub,OneWeb,ACC-DP-0000549,OneWeb UT - Hughes,DP-EC-0000046,OneWeb,270,351554110000123,Internal,Internal,Internal,Classic 50/10/UG,50,10,"60.143757, 10.807188",OAL-000155,Oslo,InActive,"Myraveien 1, Hakadal, 1488, NO",,,2022-Feb-24,109,Gold,60,10.0,2.0,4.5,4.5,10.0,2.0,0,50,10
901600000000352,AccountHub,OneWeb,ACC-DP-0000595,OneWeb UT - Intellian,DP-EC-0000271,OneWeb,0,351554110000222,Internal,Internal,Internal,Classic 50/10/UG,50,10,"39.02862, -77.135147",OAL-000180,Bethesda,InActive,"6700 Rockledge Dr, Bethesda, 20817, US",,,2022-Mar-16,89,Gold,60,10.0,2.0,4.5,4.5,10.0,2.0,0,50,10
901600000001390,PerformanceHub,Pacific Dataport Inc,ACC-DP-0000341,Pacific Dataport Inc,DP-EC-0000014,PDI EC Test,360,,External,Trial UT Plan,Decommissioned,IP Access 50/10,,,NotAvailable,,Old FBXUS2 Decomm,InActive,,3429.00,60,,,Not Available,,Not Available,Not Available,Not Available,Not Available,Not Available,Not Available,0,,
901600000001393,PerformanceHub,Pacific Dataport Inc,ACC-DP-0000341,Pacific Dataport Inc,DP-EC-0000014,PDI EC Test,360,,External,Trial UT Plan,Decommissioned,IP Access 50/10,,,NotAvailable,,Old DUTUS1 Removed,InActive,,3429.00,60,,,Not Available,,Not Available,Not Available,Not Available,Not Available,Not Available,Not Available,"1,177",,
901600000000071,PerformanceHub,TrustComm dba OneWeb Technologies,ACC-DP-0000225,TrustComm d/b/a OneWeb Technologies,Not Available,Not Available,400,,External,Trial UT Plan,Trial UT Plan,Not Available,,,NotAvailable,,DP1 - Dulles -Deccom,InActive,,,,,,Not Available,,Not Available,Not Available,Not Available,Not Available,Not Available,Not Available,1,,
901600000000124,PerformanceHub,TrustComm dba OneWeb Technologies,ACC-DP-0000225,TrustComm d/b/a OneWeb Technologies,Not Available,Not Available,400,,External,Trial UT Plan,Decommissioned,Not Available,,,NotAvailable,,Decom-OWT Germany PZ,InActive,,,,,,Not Available,,Not Available,Not Available,Not Available,Not Available,Not Available,Not Available,0,,
901600000000053,AccountHub,TrustComm dba OneWeb Technologies,ACC-DP-0000225,TrustComm d/b/a OneWeb Technologies,DP-EC-0000065,OWT,400,351554110001287,External,Trial UT Plan,Trial UT Plan,Trial IPC 75/15/UPD,75,15,"39.5992, -77.7592",OAL-000078,"Hagerstown, MD",InActive,"Intelsat Mountainside Teleport17625 Technology Blvd, Hagerstown, MD 21740, US",,,2021-Dec-17,178,Palladium,90,22.5,4.5,9.0,9.0,75.0,15.0,0,75,15
901600000000171,AccountHub,TrustComm dba OneWeb Technologies,ACC-DP-0000225,TrustComm d/b/a OneWeb Technologies,DP-EC-0000021,OWT-DP1,400,351554110000826,External,Trial UT Plan,Trial UT Plan,Trial IPC 75/15/UPD,75,15,"64.84041, -147.70238",OAL-000079,OWT DP1-AK1,InActive,", Fairbanks, AK, , US",,,2022-Jan-11,153,Palladium,90,22.5,4.5,9.0,9.0,75.0,15.0,0,75,15
901600000001294,PerformanceHub,TrustComm dba OneWeb Technologies,ACC-DP-0000225,TrustComm d/b/a OneWeb Technologies,DP-EC-0000021,OWT-DP1,400,,External,Trial UT Plan,Decommissioned,IP Access 50/10,,,NotAvailable,,HNS-T1- OLD Decomm,InActive,,,,,,Not Available,,Not Available,Not Available,Not Available,Not Available,Not Available,Not Available,284,,
78900348889-tes,Not Available,OneWeb,Not Available,Not Available,Not Available,Test,0,,Internal,Internal,Internal,Not Available,Not Available,Not Available,NotAvailable,Not Available,Not Available,InActive,,0.00,,,,Not Available,,Not Available,Not Available,Not Available,Not Available,Not Available,Not Available,13,,
806674348889-te,Not Available,OneWeb,Not Available,Not Available,Not Available,Test,0,,Internal,Internal,Internal,Not Available,Not Available,Not Available,NotAvailable,Not Available,Not Available,InActive,,0.00,,,,Not Available,,Not Available,Not Available,Not Available,Not Available,Not Available,Not Available,13,,
88134348889-tes,Not Available,OneWeb,Not Available,Not Available,Not Available,Test,0,,Internal,Internal,Internal,Not Available,Not Available,Not Available,NotAvailable,Not Available,Not Available,InActive,,0.00,,,,Not Available,,Not Available,Not Available,Not Available,Not Available,Not Available,Not Available,0,,
901609999990000,Not Available,OneWeb,Not Available,Not Available,Not Available,Test,0,,Internal,Internal,Internal,Not Available,Not Available,Not Available,NotAvailable,Not Available,Not Available,InActive,,0.00,,,,Not Available,,Not Available,Not Available,Not Available,Not Available,Not Available,Not Available,0,,
901609999990001,Not Available,OneWeb,Not Available,Not Available,Not Available,Test,0,,Internal,Internal,Internal,Not Available,Not Available,Not Available,NotAvailable,Not Available,Not Available,InActive,,0.00,,,,Not Available,,Not Available,Not Available,Not Available,Not Available,Not Available,Not Available,0,,
901609999990002,Not Available,OneWeb,Not Available,Not Available,Not Available,Test,0,,Internal,Internal,Internal,Not Available,Not Available,Not Available,NotAvailable,Not Available,Not Available,InActive,,0.00,,,,Not Available,,Not Available,Not Available,Not Available,Not Available,Not Available,Not Available,0,,
901609999990003,Not Available,OneWeb,Not Available,Not Available,Not Available,Test,0,,Internal,Internal,Internal,Not Available,Not Available,Not Available,NotAvailable,Not Available,Not Available,InActive,,0.00,,,,Not Available,,Not Available,Not Available,Not Available,Not Available,Not Available,Not Available,0,,
901609999990004,Not Available,OneWeb,Not Available,Not Available,Not Available,Test,0,,Internal,Internal,Internal,Not Available,Not Available,Not Available,NotAvailable,Not Available,Not Available,InActive,,0.00,,,,Not Available,,Not Available,Not Available,Not Available,Not Available,Not Available,Not Available,0,,
901609999990005,Not Available,OneWeb,Not Available,Not Available,Not Available,Test,0,,Internal,Internal,Internal,Not Available,Not Available,Not Available,NotAvailable,Not Available,Not Available,InActive,,0.00,,,,Not Available,,Not Available,Not Available,Not Available,Not Available,Not Available,Not Available,0,,
901609999990006,Not Available,OneWeb,Not Available,Not Available,Not Available,Test,0,,Internal,Internal,Internal,Not Available,Not Available,Not Available,NotAvailable,Not Available,Not Available,InActive,,0.00,,,,Not Available,,Not Available,Not Available,Not Available,Not Available,Not Available,Not Available,0,,
901609999990007,Not Available,OneWeb,Not Available,Not Available,Not Available,Test,0,,Internal,Internal,Internal,Not Available,Not Available,Not Available,NotAvailable,Not Available,Not Available,InActive,,0.00,,,,Not Available,,Not Available,Not Available,Not Available,Not Available,Not Available,Not Available,0,,
901609999990008,Not Available,OneWeb,Not Available,Not Available,Not Available,Test,0,,Internal,Internal,Internal,Not Available,Not Available,Not Available,NotAvailable,Not Available,Not Available,InActive,,0.00,,,,Not Available,,Not Available,Not Available,Not Available,Not Available,Not Available,Not Available,0,,
901609999990009,Not Available,OneWeb,Not Available,Not Available,Not Available,Test,0,,Internal,Internal,Internal,Not Available,Not Available,Not Available,NotAvailable,Not Available,Not Available,InActive,,0.00,,,,Not Available,,Not Available,Not Available,Not Available,Not Available,Not Available,Not Available,0,,
901609999990010,Not Available,OneWeb,Not Available,Not Available,Not Available,Test,0,,Internal,Internal,Internal,Not Available,Not Available,Not Available,NotAvailable,Not Available,Not Available,InActive,,0.00,,,,Not Available,,Not Available,Not Available,Not Available,Not Available,Not Available,Not Available,0,,
901609999990011,Not Available,OneWeb,Not Available,Not Available,Not Available,Test,0,,Internal,Internal,Internal,Not Available,Not Available,Not Available,NotAvailable,Not Available,Not Available,InActive,,0.00,,,,Not Available,,Not Available,Not Available,Not Available,Not Available,Not Available,Not Available,0,,
901609999990012,Not Available,OneWeb,Not Available,Not Available,Not Available,Test,0,,Internal,Internal,Internal,Not Available,Not Available,Not Available,NotAvailable,Not Available,Not Available,InActive,,0.00,,,,Not Available,,Not Available,Not Available,Not Available,Not Available,Not Available,Not Available,0,,
901609999990013,Not Available,OneWeb,Not Available,Not Available,Not Available,Test,0,,Internal,Internal,Internal,Not Available,Not Available,Not Available,NotAvailable,Not Available,Not Available,InActive,,0.00,,,,Not Available,,Not Available,Not Available,Not Available,Not Available,Not Available,Not Available,0,,
901609999990014,Not Available,OneWeb,Not Available,Not Available,Not Available,Test,0,,Internal,Internal,Internal,Not Available,Not Available,Not Available,NotAvailable,Not Available,Not Available,InActive,,0.00,,,,Not Available,,Not Available,Not Available,Not Available,Not Available,Not Available,Not Available,0,,
901609999990015,Not Available,OneWeb,Not Available,Not Available,Not Available,Test,0,,Internal,Internal,Internal,Not Available,Not Available,Not Available,NotAvailable,Not Available,Not Available,InActive,,0.00,,,,Not Available,,Not Available,Not Available,Not Available,Not Available,Not Available,Not Available,0,,
901609999990016,Not Available,OneWeb,Not Available,Not Available,Not Available,Test,0,,Internal,Internal,Internal,Not Available,Not Available,Not Available,NotAvailable,Not Available,Not Available,InActive,,0.00,,,,Not Available,,Not Available,Not Available,Not Available,Not Available,Not Available,Not Available,0,,
901609999990017,Not Available,OneWeb,Not Available,Not Available,Not Available,Test,0,,Internal,Internal,Internal,Not Available,Not Available,Not Available,NotAvailable,Not Available,Not Available,InActive,,0.00,,,,Not Available,,Not Available,Not Available,Not Available,Not Available,Not Available,Not Available,0,,
901609999990018,Not Available,OneWeb,Not Available,Not Available,Not Available,Test,0,,Internal,Internal,Internal,Not Available,Not Available,Not Available,NotAvailable,Not Available,Not Available,InActive,,0.00,,,,Not Available,,Not Available,Not Available,Not Available,Not Available,Not Available,Not Available,0,,
901609999990019,Not Available,OneWeb,Not Available,Not Available,Not Available,Test,0,,Internal,Internal,Internal,Not Available,Not Available,Not Available,NotAvailable,Not Available,Not Available,InActive,,0.00,,,,Not Available,,Not Available,Not Available,Not Available,Not Available,Not Available,Not Available,0,,
901609999990020,Not Available,OneWeb,Not Available,Not Available,Not Available,Test,0,,Internal,Internal,Internal,Not Available,Not Available,Not Available,NotAvailable,Not Available,Not Available,InActive,,0.00,,,,Not Available,,Not Available,Not Available,Not Available,Not Available,Not Available,Not Available,0,,
901609999990021,Not Available,OneWeb,Not Available,Not Available,Not Available,Test,0,,Internal,Internal,Internal,Not Available,Not Available,Not Available,NotAvailable,Not Available,Not Available,InActive,,0.00,,,,Not Available,,Not Available,Not Available,Not Available,Not Available,Not Available,Not Available,0,,
901609999990022,Not Available,OneWeb,Not Available,Not Available,Not Available,Test,0,,Internal,Internal,Internal,Not Available,Not Available,Not Available,NotAvailable,Not Available,Not Available,InActive,,0.00,,,,Not Available,,Not Available,Not Available,Not Available,Not Available,Not Available,Not Available,0,,
901609999990023,Not Available,OneWeb,Not Available,Not Available,Not Available,Test,0,,Internal,Internal,Internal,Not Available,Not Available,Not Available,NotAvailable,Not Available,Not Available,InActive,,0.00,,,,Not Available,,Not Available,Not Available,Not Available,Not Available,Not Available,Not Available,0,,
901609999990024,Not Available,OneWeb,Not Available,Not Available,Not Available,Test,0,,Internal,Internal,Internal,Not Available,Not Available,Not Available,NotAvailable,Not Available,Not Available,InActive,,0.00,,,,Not Available,,Not Available,Not Available,Not Available,Not Available,Not Available,Not Available,0,,
901609999990025,Not Available,OneWeb,Not Available,Not Available,Not Available,Test,0,,Internal,Internal,Internal,Not Available,Not Available,Not Available,NotAvailable,Not Available,Not Available,InActive,,0.00,,,,Not Available,,Not Available,Not Available,Not Available,Not Available,Not Available,Not Available,0,,
901609999990026,Not Available,OneWeb,Not Available,Not Available,Not Available,Test,0,,Internal,Internal,Internal,Not Available,Not Available,Not Available,NotAvailable,Not Available,Not Available,InActive,,0.00,,,,Not Available,,Not Available,Not Available,Not Available,Not Available,Not Available,Not Available,0,,
901609999990027,Not Available,OneWeb,Not Available,Not Available,Not Available,Test,0,,Internal,Internal,Internal,Not Available,Not Available,Not Available,NotAvailable,Not Available,Not Available,InActive,,0.00,,,,Not Available,,Not Available,Not Available,Not Available,Not Available,Not Available,Not Available,0,,
901609999990028,Not Available,OneWeb,Not Available,Not Available,Not Available,Test,0,,Internal,Internal,Internal,Not Available,Not Available,Not Available,NotAvailable,Not Available,Not Available,InActive,,0.00,,,,Not Available,,Not Available,Not Available,Not Available,Not Available,Not Available,Not Available,0,,
901609999990029,Not Available,OneWeb,Not Available,Not Available,Not Available,Test,0,,Internal,Internal,Internal,Not Available,Not Available,Not Available,NotAvailable,Not Available,Not Available,InActive,,0.00,,,,Not Available,,Not Available,Not Available,Not Available,Not Available,Not Available,Not Available,0,,
901609999990100,Not Available,OneWeb,Not Available,Not Available,Not Available,Test,0,,Internal,Internal,Internal,Not Available,Not Available,Not Available,NotAvailable,Not Available,Not Available,InActive,,0.00,,,,Not Available,,Not Available,Not Available,Not Available,Not Available,Not Available,Not Available,0,,
901609999991002,Not Available,OneWeb,Not Available,Not Available,Not Available,Test,0,,Internal,Internal,Internal,Not Available,Not Available,Not Available,NotAvailable,Not Available,Not Available,InActive,,0.00,,,,Not Available,,Not Available,Not Available,Not Available,Not Available,Not Available,Not Available,0,,
901609999991005,Not Available,OneWeb,Not Available,Not Available,Not Available,Test,0,,Internal,Internal,Internal,Not Available,Not Available,Not Available,NotAvailable,Not Available,Not Available,InActive,,0.00,,,,Not Available,,Not Available,Not Available,Not Available,Not Available,Not Available,Not Available,0,,
901609999991009,Not Available,OneWeb,Not Available,Not Available,Not Available,Test,0,,Internal,Internal,Internal,Not Available,Not Available,Not Available,NotAvailable,Not Available,Not Available,InActive,,0.00,,,,Not Available,,Not Available,Not Available,Not Available,Not Available,Not Available,Not Available,0,,
901609999991010,Not Available,OneWeb,Not Available,Not Available,Not Available,Test,0,,Internal,Internal,Internal,Not Available,Not Available,Not Available,NotAvailable,Not Available,Not Available,InActive,,0.00,,,,Not Available,,Not Available,Not Available,Not Available,Not Available,Not Available,Not Available,0,,
901609999991011,Not Available,OneWeb,Not Available,Not Available,Not Available,Test,0,,Internal,Internal,Internal,Not Available,Not Available,Not Available,NotAvailable,Not Available,Not Available,InActive,,0.00,,,,Not Available,,Not Available,Not Available,Not Available,Not Available,Not Available,Not Available,0,,
901609999991012,Not Available,OneWeb,Not Available,Not Available,Not Available,Test,0,,Internal,Internal,Internal,Not Available,Not Available,Not Available,NotAvailable,Not Available,Not Available,InActive,,0.00,,,,Not Available,,Not Available,Not Available,Not Available,Not Available,Not Available,Not Available,0,,
99034348889-tes,Not Available,OneWeb,Not Available,Not Available,Not Available,Test,0,,Internal,Internal,Internal,Not Available,Not Available,Not Available,NotAvailable,Not Available,Not Available,InActive,,0.00,,,,Not Available,,Not Available,Not Available,Not Available,Not Available,Not Available,Not Available,0,,
901600000000671,AccountHub,Marlink AS,ACC-DP-0000022,Marlink AS,DP-EC-0000225,Marlink AS,700,351554110010882,External,Trial UT Plan,Decommissioned,MARLINKTEST Entry 75/15/500B,75,15,"57.1423261, -2.1501055",OAL-000196,ITC,InActive,,,,2022-Mar-29,76,Bronze,90,0,0,0,0,0,0,,75,15
901600000000572,AccountHub,Galaxy Broadband Communications Inc,ACC-DP-0000546,OneWeb UT,DP-EC-0000272,Galaxy - Kingfisher,270,35155411002083,External,Trial UT Plan,Trial UT Plan,TRIAL Classic 75/15/UG,75,15,"53.021919, -89.914",OAL-000184,Galaxy - Kingfisher Mine Site,InActive,,5400.00,,2022-Mar-16,89,Gold,90,15.0,3.0,6.8,6.8,15.0,3.0,,75,15
901600000001003,AccountHub,TrustComm dba OneWeb Technologies,ACC-DP-0000225,TrustComm d/b/a OneWeb Technologies,DP-EC-0000298,20124483-2,400,351554110005346,External,Trial UT Plan,Trial UT Plan,TRIAL Classic 50/10/UG,50,10,"55.56, 23.17",OAL-000205,"Šiauliai, Lithuania",InActive,,,,2022-Apr-01,73,Gold,60,10.0,2.0,4.5,4.5,10.0,2.0,,50,10
901600000001362,AccountHub,OneWeb,ACC-DP-0000548,OneWeb Golden UT,DP-EC-0000044,One Web,0,351554110000586,Internal,Internal,Internal,Classic 30/6/UG,30,6,"51.511, -.2248",OAL-000122,London,InActive,,,,2022-Feb-24,109,Gold,36,6.0,1.2,2.7,2.7,6.0,1.2,,30,6
901600000000964,AccountHub,Northwestel,ACC-DP-0000546,OneWeb UT,DP-EC-0000307,Northwestel - Yellowknife 4,270,351554110004992,External,Trial UT Plan,Trial UT Plan,TRIAL Classic 75/15/UG,75,15,"62.4561830404678, -114.4099419",OAL-000211,Yellowknife 4,InActive,,5400.00,,2022-Apr-06,68,Gold,90,15.0,3.0,6.8,6.8,15.0,3.0,,75,15
901600000001134,AccountHub,TrustComm dba OneWeb Technologies,ACC-DP-0000225,TrustComm d/b/a OneWeb Technologies,DP-EC-0000304,20124483-3,400,351554110004042,External,Trial UT Plan,Trial UT Plan,TRIAL Classic 50/10/UG,50,10,"51.55, 19.18",OAL-000206,"Lask, Poland",InActive,,,,2022-Apr-01,73,Gold,60,10.0,2.0,4.5,4.5,10.0,2.0,,50,10
901600000001133,AccountHub,Northwestel,ACC-DP-0000546,OneWeb UT,DP-EC-0000306,Northwestel - Yellowknife 3,270,351554110004182,External,Trial UT Plan,Trial UT Plan,TRIAL Classic 75/15/UG,75,15,"62.4561830404678, -114.4099419",OAL-000210,Yellowknife 3,InActive,,5400.00,,2022-Apr-06,68,Gold,90,15.0,3.0,6.8,6.8,15.0,3.0,,75,15
901600000000108,AccountHub,TrustComm dba OneWeb Technologies,ACC-DP-0000225,TrustComm d/b/a OneWeb Technologies,DP-EC-0000127,L3HT,400,351554110001352,External,Trial UT Plan,Trial UT Plan,TRIAL Classic 75/15/UG,75,15,"40.76, -111.88",OAL-000117,Salt Lake,InActive,,,,2022-Feb-20,113,Gold,90,15.0,3.0,6.8,6.8,15.0,3.0,,75,15
901600000000729,AccountHub,Northwestel,ACC-DP-0000546,OneWeb UT,DP-EC-0000308,Northwestel - Yellowknife 5,270,351554110004927,External,Trial UT Plan,Trial UT Plan,TRIAL Classic 75/15/UG,75,15,"62.4561830404678, -114.4099419",OAL-000212,Yellowknife 5,InActive,,5400.00,,2022-Apr-06,68,Gold,90,15.0,3.0,6.8,6.8,15.0,3.0,,75,15
901600000001036,AccountHub,Alaska Communications Internet LLC,ACC-DP-0000319,Alaska Communications Internet LLC,DP-EC-0000305,ORD-76450-X2M2K0,270,351554110004547,External,Service Plan,Service Plan,Dedicated 50/10/UP,50,10,"67.086523, -157.861293",OAL-000213,Ambler,InActive,,29500.00,,,,Palladium,60,15.0,3.0,6.0,6.0,50.0,10.0,,50,10
901600000001080,AccountHub,Alaska Communications Internet LLC,ACC-DP-0000319,Alaska Communications Internet LLC,DP-EC-0000305,ORD-76450-X2M2K0,270,351554110002996,External,Service Plan,Service Plan,Dedicated 75/15/UP,75,15,"66.971667, -160.430278",OAL-000216,Kiana,InActive,,44500.00,,,,Palladium,90,22.5,4.5,9.0,9.0,75.0,15.0,,75,15
901600000001095,AccountHub,TrustComm dba OneWeb Technologies,ACC-DP-0000225,TrustComm d/b/a OneWeb Technologies,DP-EC-0000312,20124483-4,400,351554110003978,External,Trial UT Plan,Trial UT Plan,TRIAL Classic 50/10/UG,50,10,"48.68, 9.04",OAL-000223,"Boblingen, Germany",InActive,,,,2022-Apr-09,65,Gold,60,10.0,2.0,4.5,4.5,10.0,2.0,,50,10
901600000001142,AccountHub,Alaska Communications Internet LLC,ACC-DP-0000319,Alaska Communications Internet LLC,DP-EC-0000124,ORD-84582-X4W0Y5,360,351554110003176,External,TBYB Plan,TBYB Plan,Classic 15/3/UG,15,3,"55.059239, -162.313686",OAL-000242,King Cove 35696669,InActive,,1800.00,,2022-May-02,,Gold,18,3.0,0.6,1.4,1.4,3.0,0.6,0,15,3
901600000001089,AccountHub,Alaska Communications Internet LLC,ACC-DP-0000319,Alaska Communications Internet LLC,DP-EC-0000305,ORD-76450-X2M2K0,270,351554110003002,External,Service Plan,Service Plan,Dedicated 100/20/UP,100,20,"66.833224, -161.045398",OAL-000219,Noorvik,InActive,,59000.00,,,,Palladium,120,30.0,6.0,12.0,12.0,100.0,20.0,,100,20
901600000001366,AccountHub,OneWeb,ACC-DP-0000548,OneWeb Golden UT,DP-EC-0000044,One Web,270,351554110001022,Internal,Internal,Internal,Classic 30/6/UG,30,6,"26.747926, -81.049149",OAL-000153,Clewiston,InActive,,,,2022-Feb-24,109,Gold,36,6.0,1.2,2.7,2.7,6.0,1.2,,30,6
901600000001284,AccountHub,Alaska Communications Internet LLC,ACC-DP-0000319,Alaska Communications Internet LLC,DP-EC-0000305,ORD-76450-X2M2K0,270,351554110001840,External,Service Plan,Service Plan,Dedicated 100/20/UP,100,20,"65.977797, -161.130056",OAL-000214,Buckland,InActive,,59000.00,,,,Palladium,120,30.0,6.0,12.0,12.0,100.0,20.0,,100,20
901600000000961,AccountHub,Alaska Communications Internet LLC,ACC-DP-0000319,Alaska Communications Internet LLC,DP-EC-0000305,ORD-76450-X2M2K0,270,351554110004588,External,Service Plan,Service Plan,Dedicated 50/10/UP,50,10,"66.0788, -162.734914",OAL-000215,Deering,InActive,,29500.00,,,,Palladium,60,15.0,3.0,6.0,6.0,50.0,10.0,,50,10
901600000001194,AccountHub,Alaska Communications Internet LLC,ACC-DP-0000319,Alaska Communications Internet LLC,DP-EC-0000305,ORD-76450-X2M2K0,270,351554110003119,External,Service Plan,Service Plan,Dedicated 75/15/UP,75,15,"67.726942, -164.537642",OAL-000217,Kivalina,InActive,,44500.00,,,,Palladium,90,22.5,4.5,9.0,9.0,75.0,15.0,,75,15
901600000001191,AccountHub,Alaska Communications Internet LLC,ACC-DP-0000319,Alaska Communications Internet LLC,DP-EC-0000305,ORD-76450-X2M2K0,270,351554110003218,External,Service Plan,Service Plan,Dedicated 75/15/UP,75,15,"66.90775, -156.882583",OAL-000218,Kobuk,InActive,,44500.00,,,,Palladium,90,22.5,4.5,9.0,9.0,75.0,15.0,,75,15
901600000001156,AccountHub,Alaska Communications Internet LLC,ACC-DP-0000319,Alaska Communications Internet LLC,DP-EC-0000305,ORD-76450-X2M2K0,270,351554110004620,External,Service Plan,Service Plan,Dedicated 100/20/UP,100,20,"67.569597, -162.968117",OAL-000222,Noatak,InActive,,59000.00,,,,Palladium,120,30.0,6.0,12.0,12.0,100.0,20.0,,100,20
901600000001011,AccountHub,Alaska Communications Internet LLC,ACC-DP-0000319,Alaska Communications Internet LLC,DP-EC-0000305,ORD-76450-X2M2K0,270,351554110004331,External,Service Plan,Service Plan,Dedicated 100/20/UP,100,20,"66.606839, -160.014833",OAL-000221,Selawik,InActive,,59000.00,,,,Palladium,120,30.0,6.0,12.0,12.0,100.0,20.0,,100,20
901600000001273,AccountHub,TrustComm dba OneWeb Technologies,ACC-DP-0000225,TrustComm d/b/a OneWeb Technologies,DP-EC-0000314,20124469,270,351554110001154,External,Trial UT Plan,Trial UT Plan,TRIAL Classic 50/10/UG,50,10,"52.46, 5.7",OAL-000227,"Biddinghuizen, NE",InActive,,,,2022-Apr-12,62,Gold,60,10.0,2.0,4.5,4.5,10.0,2.0,,50,10
901609999990113,Not Available,OneWeb,Not Available,Not Available,Not Available,Test,0,,Internal,Internal,Internal,Not Available,Not Available,Not Available,NotAvailable,Not Available,Not Available,InActive,,0.00,,,,Not Available,,Not Available,Not Available,Not Available,Not Available,Not Available,Not Available,#N/A,,
901600000000332,AccountHub,OneWeb,ACC-DP-0000549,OneWeb UT - Hughes,DP-EC-0000046,OneWeb,270,351554110000412,Internal,Internal,Internal,Classic 50/10/UG,50,10,"36.090126, -75.804581",OAL-000225,Kitty Hawk,InActive,,,,2022-Apr-14,60,Gold,60,10.0,2.0,4.5,4.5,10.0,2.0,,50,10
901600000000087,AccountHub,OneWeb,ACC-DP-0000549,OneWeb UT - Hughes,DP-EC-0000046,OneWeb,270,351554110001469,Internal,Internal,Internal,Classic 50/10/UG,50,10,"36.090126, -75.804581",OAL-000224,Kitty Hawk,InActive,,,,2022-Apr-14,60,Gold,60,10.0,2.0,4.5,4.5,10.0,2.0,,50,10
901600000000963,AccountHub,OneWeb,ACC-DP-0000679,OneWeb UT Team,DP-EC-0000321,OneWeb,270,351554110004810,Internal,Internal,Internal,Entry 75/15/500B,75,15,"51.8436, -.9715",OAL-000234,Westcott,InActive,,,,,,Bronze,90,0,0,0,0,0,0,,75,15
901600000001246,AccountHub,OneWeb,ACC-DP-0000679,OneWeb UT Team,DP-EC-0000321,OneWeb,270,351554110001782,Internal,Internal,Internal,Entry 75/15/500B,75,15,"51.8436, -.9715",OAL-000236,Westcott,InActive,,,,,,Bronze,90,0,0,0,0,0,0,,75,15
901600000001380,AccountHub,British Telecommunications pLc,ACC-DP-0000679,OneWeb UT Team,DP-EC-0000321,BT GS,270,351554110002301,Internal,Internal,Internal,Entry 75/15/500B,75,15,"52.06007055265902, 1.280551696734517",OAL-000235,BT Adastral,InActive,,,,,,Bronze,90,0,0,0,0,0,0,,75,15
901600000000858,AccountHub,Rock Networks,ACC-DP-0000546,OneWeb UT,DP-EC-0000347,Rock Networks - MDA DND R&D Project,270,351554110005221,External,Trial UT Plan,Trial UT Plan,Trial Entry 75/15/500B,75,15,"49.17569283, -123.0699687",OAL-000237,"MDA Richmond, BC",InActive,,,,,,Bronze,90,0,0,0,0,0,0,,75,15
901600000001045,AccountHub,Galaxy Broadband Communications Inc,ACC-DP-0000112,Galaxy Broadband Communications Inc,DP-EC-0000273,DeBeers Gahcho Kue,270,351554110003424,External,Trial UT Plan,Trial UT Plan,TRIAL Classic 75/15/UG,75,15,"63.4347, -109.2005528",OAL-000185,DeBeers Gahcho Kue mine site,InActive,,5400.00,,,,Gold,180,30.0,6.0,13.5,13.5,30.0,6.0,,150,30
8086531111089-t,Not Available,OneWeb,Not Available,Not Available,Not Available,Test,0,,Internal,Internal,Internal,Not Available,Not Available,Not Available,NotAvailable,Not Available,Not Available,InActive,,0.00,,,,Not Available,,Not Available,Not Available,Not Available,Not Available,Not Available,Not Available,#N/A,,
901600000000935,AccountHub,Galaxy Broadband Communications Inc,ACC-DP-0000546,OneWeb UT,DP-EC-0000369,Galaxy - Alamos,270,351554110005874,External,Trial UT Plan,Trial UT Plan,TRIAL Classic 75/15/UG,75,15,"56.825, -101.075",OAL-000240,Galaxy - Alamos mine site,InActive,,5400.00,,,,Gold,90,15.0,3.0,6.8,6.8,15.0,3.0,,75,15
901600000001075,AccountHub,Alaska Tribal Spectrum,ACC-DP-0000546,OneWeb UT,DP-EC-0000355,Alaska Tribal Spectrum - Unalaska Demo,270,351554110003184,External,DP Demo UT Plan,DP Demo UT Plan,TRIAL Classic 75/15/UG,75,15,"53.884, -166.552",OAL-000238,ATS - Unalaska Demo,InActive,,,,,,Gold,90,15.0,3.0,6.8,6.8,15.0,3.0,,75,15
94545611089-tes,Not Available,OneWeb,Not Available,Not Available,Not Available,Test,0,,Internal,Internal,Internal,Not Available,Not Available,Not Available,NotAvailable,Not Available,Not Available,InActive,,0.00,,,,Not Available,,Not Available,Not Available,Not Available,Not Available,Not Available,Not Available,#N/A,,
901600000001108,AccountHub,Telespazio France,ACC-DP-0000546,OneWeb UT,DP-EC-0000367,Telespazio France,270,351554110004422,External,Trial UT Plan,Trial UT Plan,Trial Entry 75/15/500B,75,15,"43.6, 1.3",OAL-000239,Telespazio France office,InActive,,,,,,Bronze,90,0,0,0,0,0,0,,75,15
901600000000153,AccountHub,TrustComm dba OneWeb Technologies,ACC-DP-0000225,TrustComm d/b/a OneWeb Technologies,DP-EC-0000245,20124483,270,351554110001121,External,Trial UT Plan,Trial UT Plan,Trial IPC 75/15/UPD,75,15,"67.16, 14.24",OAL-000170,"Bodo, Norway",InActive,,,,,,Palladium,90,22.5,4.5,9.0,9.0,75.0,15.0,,75,15
2580000035-test,Not Available,OneWeb,Not Available,Not Available,Not Available,Test,0,,Internal,Internal,Internal,Not Available,Not Available,Not Available,NotAvailable,Not Available,Not Available,InActive,,0.00,,,,Not Available,,Not Available,Not Available,Not Available,Not Available,Not Available,Not Available,#N/A,,
70000035-test3.,Not Available,OneWeb,Not Available,Not Available,Not Available,Test,0,,Internal,Internal,Internal,Not Available,Not Available,Not Available,NotAvailable,Not Available,Not Available,InActive,,0.00,,,,Not Available,,Not Available,Not Available,Not Available,Not Available,Not Available,Not Available,#N/A,,
901600000001012,AccountHub,Alaska Communications Internet LLC,ACC-DP-0000319,Alaska Communications Internet LLC,DP-EC-0000336,ORD-99391-N5B4S9,270,351554110004505,External,TBYB Plan,TBYB Plan,Dedicated 100/20/UP,100,20,"68.071207, -162.852775",OAL-000232,Red Dog Mine,InActive,,59000.00,,,,Palladium,120,30.0,6.0,12.0,12.0,100.0,20.0,,100,20
901600000000878,AccountHub,Galaxy Broadband Communications Inc,ACC-DP-0000546,OneWeb UT,DP-EC-0000386,Galaxy - NJ Albert Mine,270,351554110006179,External,Trial UT Plan,Trial UT Plan,TRIAL Classic 75/15/UG,75,15,"46.07423, -73.5324146",OAL-000244,Galaxy - NJ Albert Mine site,InActive,,5400.00,,,,Gold,90,15.0,3.0,6.8,6.8,15.0,3.0,,75,15
901600000001081,AccountHub,Alaska Communications Internet LLC,ACC-DP-0000319,Alaska Communications Internet LLC,DP-EC-0000337,ORD-99393-M5F9G5,270,351554110002962,External,TBYB Plan,Decommissioned,Dedicated 75/15/UP,75,15,"67.577846, -164.057884",OAL-000233,Red Dog Port - Decom,InActive,,0.00,,,,Palladium,90,22.5,4.5,9.0,9.0,75.0,15.0,,75,15
901600000000877,AccountHub,Alaska Communications Internet LLC,ACC-DP-0000319,Alaska Communications Internet LLC,DP-EC-0000337,ORD-99393-M5F9G5,270,351554110020592,External,TBYB Plan,TBYB Plan,Dedicated 75/15/UP,75,15,"67.577846, -164.057884",OAL-000233,Red Dog Port,InActive,,44500.00,,,,Palladium,90,22.5,4.5,9.0,9.0,75.0,15.0,,75,15
901600000001264,AccountHub,Galaxy Broadband Communications Inc,ACC-DP-0000546,OneWeb UT,DP-EC-0000330,Galaxy - Mississauga office,270,351554110000818,External,Trial UT Plan,Trial UT Plan,TRIAL Classic 75/15/UG,75,15,"43.52545719, -79.71589703",OAL-000230,Galaxy - Mississauga office,InActive,,44500.00,,,,Gold,90,15.0,3.0,6.8,6.8,15.0,3.0,,75,15
901600000000962,AccountHub,OneWeb,ACC-DP-0000549,OneWeb UT - Hughes,DP-EC-0000046,OneWeb,270,351554110004471,Internal,Internal,Internal,Classic 50/10/UG,50,10,"59.211735, 18.083748",OAL-000250,Stockholm,InActive,,,,,,Gold,60,10.0,2.0,4.5,4.5,10.0,2.0,,50,10
901600000001222,AccountHub,TrustComm dba OneWeb Technologies,ACC-DP-0000225,TrustComm d/b/a OneWeb Technologies,DP-EC-0000021,OWT-DP1,270,351554110003937,External,Trial UT Plan,Trial UT Plan,Trial IPC 75/15/UPD,75,15,"39.023, -77.4106",OAL-000081,DP1-Dulles,InActive,,,,,,Palladium,90,22.5,4.5,9.0,9.0,75.0,15.0,,75,15
901600000000856,AccountHub,ISM Information Systems Management Canada Corp,ACC-DP-0000546,OneWeb UT,DP-EC-0000392,Kyndryl - Cargill PoC Kindersely,270,351554110004737,External,Trial UT Plan,Trial UT Plan,TRIAL Classic 75/15/UG,75,15,"51.47391, -109.05269",OAL-000252,Kindersely,InActive,,,,,,Gold,90,15.0,3.0,6.8,6.8,15.0,3.0,,75,15
901600000000762,AccountHub,Galaxy Broadband Communications Inc,ACC-DP-0000546,OneWeb UT,DP-EC-0000295,Galaxy - Golder Victor,270,351554110006153,External,Trial UT Plan,Trial UT Plan,TRIAL Classic 75/15/UG,75,15,"52.714444, -83.904722",OAL-000194,Galaxy - Golder Victor mine site,InActive,,5400.00,,,,Gold,90,15.0,3.0,6.8,6.8,15.0,3.0,,75,15
87805115429-tes,Not Available,OneWeb,Not Available,Not Available,Not Available,Test,0,,Internal,Internal,Internal,Not Available,Not Available,Not Available,NotAvailable,Not Available,Not Available,InActive,,0.00,,,,Not Available,,Not Available,Not Available,Not Available,Not Available,Not Available,Not Available,#N/A,,
901600000000063,AccountHub,Galaxy Broadband Communications Inc,ACC-DP-0000546,OneWeb UT,DP-EC-0000293,Galaxy - Glencore Raglan,270,351554110000842,External,Trial UT Plan,Trial UT Plan,TRIAL Classic 75/15/UG,75,15,"61.6875, -73.678056",OAL-000192,Galaxy - Glencore Raglan mine site,InActive,,5400.00,,,,Gold,90,15.0,3.0,6.8,6.8,15.0,3.0,,75,15
9055545429-test,Not Available,OneWeb,Not Available,Not Available,Not Available,Test,0,,Internal,Internal,Internal,Not Available,Not Available,Not Available,NotAvailable,Not Available,Not Available,InActive,,0.00,,,,Not Available,,Not Available,Not Available,Not Available,Not Available,Not Available,Not Available,#N/A,,
901600000000743,AccountHub,Galaxy Broadband Communications Inc,ACC-DP-0000546,OneWeb UT,DP-EC-0000409,Galaxy - Canadian Royalties,270,351554110006161,External,Trial UT Plan,Trial UT Plan,TRIAL Classic 75/15/UG,75,15,"61.5554861, -73.4492889",OAL-000257,Galaxy - Canadian Royalties,InActive,,5400.00,,,,Gold,90,15.0,3.0,6.8,6.8,15.0,3.0,,75,15
901600000001022,AccountHub,Alaska Communications Internet LLC,ACC-DP-0000319,Alaska Communications Internet LLC,DP-EC-0000342,ORD-111051-R9D6Z9,270,351554110003051,External,TBYB Plan,TBYB Plan,Classic 75/15/UG,75,15,"68.761254, -148.874615",OAL-000249,Prudhoe 1930302,InActive,,11505.00,,,,Gold,90,15.0,3.0,6.8,6.8,15.0,3.0,,75,15
901600000000168,AccountHub,Alaska Communications Internet LLC,ACC-DP-0000319,Alaska Communications Internet LLC,DP-EC-0000303,ORD-107927-C5G3M9,270,351554110001717,External,TBYB Plan,TBYB Plan,Classic 25/5/UG,25,5,"61.5806, -159.5341",OAL-000231,Aniak,InActive,,2950.00,,,,Gold,30,5.0,1.0,2.3,2.3,5.0,1.0,,25,5
901600000000958,AccountHub,Galaxy Broadband Communications Inc,ACC-DP-0000546,OneWeb UT,DP-EC-0000294,Galaxy - Kiewit Raglan,270,351554110005965,External,Trial UT Plan,Trial UT Plan,TRIAL Classic 75/15/UG,75,15,"61.6875, -73.678056",OAL-000193,Galaxy - Kiewit Raglan mine site,InActive,,5400.00,,,,Gold,90,15.0,3.0,6.8,6.8,15.0,3.0,,75,15
901600000001054,AccountHub,TrustComm dba OneWeb Technologies,ACC-DP-0000225,TrustComm d/b/a OneWeb Technologies,DP-EC-0000411,20124495-5,270,351554110003366,External,Trial UT Plan,Trial UT Plan,TRIAL Classic 50/10/UG,50,10,"39.03, -77.41",OAL-000262,"Dulles, Va",InActive,,5400.00,,,,Gold,60,10.0,2.0,4.5,4.5,10.0,2.0,,50,10
901609999991008,Not Available,OneWeb,Not Available,Not Available,Not Available,Test,0,,Internal,Internal,Internal,Not Available,Not Available,Not Available,NotAvailable,Not Available,Not Available,InActive,,0.00,,,,Not Available,,Not Available,Not Available,Not Available,Not Available,Not Available,Not Available,#N/A,,
901600000000119,AccountHub,Pacific Dataport Inc,ACC-DP-0000341,Pacific Dataport Inc,DP-EC-0000117,NET,270,351554110002624,External,Trial UT Plan,Trial UT Plan,Trial PDI-IPC 75/15/UPD,75,15,"52.7235, -174.1126",OAL-000102,SYA1-NET,InActive,,5400.00,,,,Palladium,90,22.5,4.5,9.0,9.0,75.0,15.0,,75,15
901600000000504,#N/A,Marlink AS,#N/A,Marlink AS,DP-EC-0000225,Marlink AS,700,351554110020881,External,Trial UT Plan,Trial UT Plan,MARLINKTEST Entry 75/15/500B,75,15,"57.1423261, -2.1501055",OAL-000196,ITC,InActive,,,,2022-May-24,,Bronze,90,0,0,0,0,0,0,,75,15
901600000000205,AccountHub,Marlink AS,,,,,,,,,,,,,,,,,,,,,,,,,,,,,,,,
