IMSI,IMEI,Product - DP Account Id,Product - End Customer Account Id,Product - SC Product Id,Product - Product Name,Product - APN,Product - Site Id,Last Notified State,First Seen,Last Seen,DP Account Id,End Customer Account Id,End Customer Name,Product Id,Product Name,Transaction Id,Management IP Address,Name,Model,Manufacturer,UT Model Type,UT Software Name,UT Software Version
901600000000046,35155411000052,ACC-DP-0000341,DP-EC-0000014,FAKE-PRD-351554110000529,IP Access 50/10,,BETUS1,ONLINE,09/29/2021,03/25/2022,ACC-DP-0000341,,,,,,100.64.79.175,BETUS2,OW70L-Dac,Intellian Tech.,ENT-K,Bundle-1.6.3-B5_OW70L-JL_0.46_AIM_1.6.13.2_CNX_2.7.1.44_MDM_3.5.1.0.6_MIM_1.1.0.,ENT-K_3.3.0.9
901600000000053,35155411000128,ACC-DP-0000225,DP-EC-0000065,SC-0000000154,Trial IPC 75/15/UPD,trustcomm.ba.mnc060.mcc901.gprs,LOC-000000066,OFFLINE,11-02-2021,02/28/2022,ACC-DP-0000225,,,,,,100.64.47.133,OWT-Demo WV,OW70L-Dac,Intellian Tech.,ENT-K,Bundle-1.6.1_OW70L-JL_0.46_AIM_1.6.12.1_CNX_2.7.1.44_MDM_3.5.1.0.6_MIM_1.1.0.23_,ENT-K_3.3.0.7
901600000000055,35155411000168,ACC-DP-0000546,DP-EC-0000125,SC-0000000210,Classic 75/15/UG,cbh.customer.mnc060.mcc901.gprs,LOC-000000095,ONLINE,01/26/2022,03/25/2022,ACC-DP-0000409,,,,,,100.64.207.121,Kyndryl UT 1,OW70L-Dac,Intellian Tech.,ENT-K,Bundle-1.6.3-B5_OW70L-TR_0.15.90_AIM_1.6.13.2_CNX_2.7.1.44_MDM_3.5.1.0.6_MIM_1.1,ENT-K_3.3.0.9
901600000000056,35155411000162,ACC-DP-0000341,DP-EC-0000074,SC-0000000184,Trial PDI-IPC 75/15/UPD,pdi.ba.mnc060.mcc901.gprs,LOC-000000077,OFFLINE,02-01-2022,03/18/2022,ACC-DP-0000341,,,,,,100.64.78.190,SNP-ATO,OW70L-Dac,Intellian Tech.,ENT-K,Bundle-1.6.3-B5_OW70L-JL_0.46_AIM_1.6.13.2_CNX_2.7.1.44_MDM_3.5.1.0.6_MIM_1.1.0.,ENT-K_3.3.0.9
901600000000062,35155411000133,Not Available,Not Available,Not Available,Not Available,Not Available,Not Available,ONLINE,12/18/2021,03/25/2022,ACC-DP-0000319,,,,,,100.64.79.95,AVCP - Bethel,OW70L-Dac,Intellian Tech.,ENT-K,Bundle-1.6.3-B5_OW70L-JL_0.46_AIM_1.6.13.2_CNX_2.7.1.44_MDM_3.5.1.0.6_MIM_1.1.0.,ENT-K_3.3.0.9
901600000000064,35155411000064,Not Available,Not Available,Not Available,Not Available,Not Available,Not Available,ONLINE,03-10-2022,03/25/2022,Not Available,,,,,,100.64.15.28,Catapult_OS,OW70L-Dac,Intellian Tech.,ENT-K,Bundle-1.6.3-B5_OW70L-JL_0.46_AIM_1.6.13.2_CNX_2.7.1.44_MDM_3.5.1.0.6_MIM_1.1.0.,ENT-K_3.3.0.9
901600000000071,35155411000091,Not Available,Not Available,Not Available,Not Available,Not Available,Not Available,OFFLINE,10/28/2021,02/17/2022,ACC-DP-0000225,,,,,,100.64.47.181,DP1 - Dulles -Deccom,OW70L-Dac,Intellian Tech.,ENT-K,,ENT-K_3.3.0.7
901600000000076,35155411000099,ACC-DP-0000341,DP-EC-0000118,SC-0000000208,Trial PDI-IPC 20/4/UPD,pdi.ba.mnc060.mcc901.gprs,LOC-000000091,ONLINE,01/30/2022,03/25/2022,ACC-DP-0000341,,,,,,100.64.79.142,ANCUS1 - New,OW70L-Dac,Intellian Tech.,ENT-K,Bundle-1.6.3-B5_OW70L-JL_0.46_AIM_1.6.13.2_CNX_2.7.1.44_MDM_3.5.1.0.6_MIM_1.1.0.,ENT-K_3.3.0.9
901600000000080,35155411000200,ACC-DP-0000225,DP-EC-0000064,SC-0000000182,Trial IPC 75/15/UPD,cbh.customer.mnc060.mcc901.gprs,LOC-000000065,ONLINE,03/24/2022,03/25/2022,ACC-DP-0000225,,,,,,100.64.31.227,OWT Panzer Demo,OW70L-Dac,Intellian Tech.,ENT-K,Bundle-1.6.3-B5_OW70L-TR_0.15.90_AIM_1.6.13.2_CNX_2.7.1.44_MDM_3.5.1.0.6_MIM_1.1,ENT-K_3.3.0.9
901600000000081,35155411000231,ACC-DP-0000546,DP-EC-0000230,SC-0000000388,Trial Entry 75/15/500B,cbh.customer.mnc060.mcc901.gprs,LOC-000000126,ONLINE,02/24/2022,03/25/2022,ACC-DP-0000546,,,,,,100.64.14.48,BT_MADLEY,OW70L-Dac,Intellian Tech.,ENT-K,Bundle-1.6.3-B5_OW70L-TR_0.15.90_AIM_1.6.13.2_CNX_2.7.1.44_MDM_3.5.1.0.6_MIM_1.1,ENT-K_3.3.0.9
901600000000086,35155411000089,ACC-DP-0000225,DP-EC-0000075,SC-0000000158,Trial IPC 75/15/UPD,trustcomm.ba.mnc060.mcc901.gprs,LOC-000000080,ONLINE,10-04-2021,03/25/2022,ACC-DP-0000225,,,,,,100.64.45.29,Belvoir,OW70L-Dac,Intellian Tech.,ENT-K,Bundle-1.6.3-B5_OW70L-JL_0.46_AIM_1.6.13.2_CNX_2.7.1.44_MDM_3.5.1.0.6_MIM_1.1.0.,ENT-K_3.3.0.9
901600000000098,35155411000087,Not Available,Not Available,Not Available,Not Available,Not Available,Not Available,OFFLINE,01-10-2022,03/24/2022,ACC-DP-0000341,,,,,,100.64.79.186,ANCUS3,OW70L-Dac,Intellian Tech.,ENT-K,Bundle-1.6.3-B5_OW70L-JL_0.46_AIM_1.6.13.2_CNX_2.7.1.44_MDM_3.5.1.0.6_MIM_1.1.0.,ENT-K_3.3.0.9
901600000000107,35155411000090,ACC-DP-0000225,DP-EC-0000021,SC-0000000152,Trial IPC 75/15/UPD,trustcomm.ba.mnc060.mcc901.gprs,LOC-000000071,,,,Not Available,,,,,,,Not Available,,,,,
901600000000108,35155411000135,ACC-DP-0000225,DP-EC-0000127,SC-0000000291,TRIAL Classic 75/15/UG,owt.ipa.mnc060.mcc901.gprs,LOC-000000101,,,,Not Available,,,,,,,Not Available,,,,,
901600000000117,35155411000180,ACC-DP-0000595,DP-EC-0000271,SC-0000000539,Classic 50/10/UG,sprint.mnc060.mcc901.gprs,LOC-000000148,OFFLINE,01/20/2022,03/24/2022,ACC-DP-0000595,,,,,,100.64.31.219,RTDNL1,OW70L-Dac,Intellian Tech.,ENT-K,Bundle_1.0-OW70L-TR_0.13.00_AIM_1.6.8.1_CNX_2.7.1.44_MDM_3.5.1.06_MIM_1.1.0.23_S,ENT-K_3.2.1.93
901600000000122,35155411000143,ACC-DP-0000225,DP-EC-0000162,SC-0000000287,TRIAL Classic 50/10/UG,trustcomm.ba.mnc060.mcc901.gprs,LOC-000000109,,,,Not Available,,,,,,,Not Available,,,,,
901600000000124,35155411000108,Not Available,Not Available,Not Available,Not Available,Not Available,Not Available,OFFLINE,12-04-2021,03/17/2022,ACC-DP-0000225,,,,,,100.64.31.105,Decom-OWT Germany PZ,OW70L-Dac,Intellian Tech.,ENT-K,Bundle_1.1-OW70L-JL_0.46_AIM_1.6.9.1_CNX_2.7.1.44_MDM_3.5.1.06_MIM_1.1.0.23_SSM_,ENT-K_3.2.1.93
901600000000127,35155411000105,ACC-DP-0000341,DP-EC-0000074,SC-0000000186,Trial PDI-IPC 75/15/UPD,pdi.ba.mnc060.mcc901.gprs,LOC-000000078,ONLINE,11-09-2021,03/25/2022,ACC-DP-0000341,,,,,,100.64.78.101,AKN-RSE.2,OW70L-Dac,Intellian Tech.,ENT-K,Bundle-1.6.3-B5_OW70L-JL_0.46_AIM_1.6.13.2_CNX_2.7.1.44_MDM_3.5.1.0.6_MIM_1.1.0.,ENT-K_3.3.0.9
901600000000136,35155411000148,ACC-DP-0000341,DP-EC-0000055,SC-0000000135,Trial PDI-IPC 75/15/UPD,pdi.ba.mnc060.mcc901.gprs,LOC-000000061,,,,Not Available,,,,,,,Not Available,,,,,
901600000000138,35155411000232,ACC-DP-0000546,DP-EC-0000231,SC-0000000394,Trial Entry 75/15/500B,cbh.customer.mnc060.mcc901.gprs,LOC-000000128,ONLINE,02/23/2022,03/25/2022,ACC-DP-0000546,,,,,,100.64.15.30,BT_PARKGATE,OW70L-Dac,Intellian Tech.,ENT-K,Bundle-1.6.3-B5_OW70L-TR_0.15.90_AIM_1.6.13.2_CNX_2.7.1.44_MDM_3.5.1.0.6_MIM_1.1,ENT-K_3.3.0.9
901600000000140,35155411000070,ACC-DP-0000312,DP-EC-0000068,SC-0000000146,Trial RN-GW 25/5/UG,rocknetworks312-ipa-10.mnc060.mcc901.gprs,LOC-000000072,ONLINE,12/15/2021,03/25/2022,ACC-DP-0000312,,,,,,100.64.207.127,ROCK Networks - YOW,OW70L-Dac,Intellian Tech.,ENT-K,Bundle-1.6.3-B5_OW70L-JL_0.46_AIM_1.6.13.2_CNX_2.7.1.44_MDM_3.5.1.0.6_MIM_1.1.0.,ENT-K_3.3.0.9
901600000000146,35155411000271,ACC-DP-0000546,DP-EC-0000140,SC-0000000240,Classic 50/10/UG,cbh.customer.mnc060.mcc901.gprs,LOC-000000100,ONLINE,01/27/2022,03/25/2022,ACC-DP-0000546,,,,,,100.64.15.142,OW-Norway-Test,OW70L-Dac,Intellian Tech.,ENT-K,Bundle-1.6.1_OW70L-TR_0.15.90_AIM_1.6.12.1_CNX_2.7.1.44_MDM_3.5.1.0.6_MIM_1.1.0.,ENT-K_3.3.0.7
901600000000149,35155411000155,ACC-DP-0000647,DP-EC-0000256,SC-0000000494,Entry 75/15/500B,cbh.customer.mnc060.mcc901.gprs,LOC-000000142,OFFLINE,12-06-2021,03/25/2022,ACC-DP-0000341,,,,,,100.64.78.34,AKIUS2,OW70L-Dac,Intellian Tech.,ENT-K,Bundle-1.6.3-B5_OW70L-JL_0.46_AIM_1.6.13.2_CNX_2.7.1.44_MDM_3.5.1.0.6_MIM_1.1.0.,ENT-K_3.3.0.9
901600000000151,35155411000145,ACC-DP-0000319,DP-EC-0000101,SC-0000000285,TRIAL AC Classic 50/10/UG,acs.ba.mnc060.mcc901.gprs,LOC-000000088,ONLINE,09/30/2021,03/25/2022,ACC-DP-0000319,,,,,,100.64.79.85,ACS - 600 Telephone,OW70L-Dac,Intellian Tech.,ENT-K,Bundle-1.6.3-B5_OW70L-JL_0.46_AIM_1.6.13.2_CNX_2.7.1.44_MDM_3.5.1.0.6_MIM_1.1.0.,ENT-K_3.3.0.9
901600000000153,35155411000112,ACC-DP-0000225,DP-EC-0000245,SC-0000000489,Trial IPC 75/15/UPD,owt.ipa.mnc060.mcc901.gprs,LOC-000000139,,,,Not Available,,,,,,,Not Available,,,,,
901600000000156,35155411000068,ACC-DP-0000595,DP-EC-0000271,SC-0000000544,Classic 50/10/UG,sprint.mnc060.mcc901.gprs,LOC-000000149,,,,Not Available,,,,,,,Not Available,,,,,
901600000000171,35155411000082,ACC-DP-0000225,DP-EC-0000021,SC-0000000163,Trial IPC 75/15/UPD,owt.ipa.mnc060.mcc901.gprs,LOC-000000067,OFFLINE,02/22/2022,02/28/2022,ACC-DP-0000225,,,,,,100.64.47.171,DP1 AK 1-Dulles,OW70L-Dac,Intellian Tech.,ENT-K,,ENT-K_3.3.0.7
901600000000177,35155411000073,ACC-DP-0000225,DP-EC-0000021,SC-0000000165,Trial IPC 75/15/UPD,owt.ipa.mnc060.mcc901.gprs,LOC-000000081,OFFLINE,02/28/2022,03-02-2022,ACC-DP-0000225,,,,,,100.64.47.208,DP1- AK 2,OW70L-Dac,Intellian Tech.,ENT-K,,ENT-K_3.3.0.7
901600000000179,35155411000100,ACC-DP-0000548,DP-EC-0000044,SC-0000000235,Classic 75/15/UG,sprint.mnc060.mcc901.gprs,LOC-000000099,ONLINE,01/13/2022,03/25/2022,ACC-DP-0000548,,,,,,100.64.79.136,TKAUS2-Golden-UT-N,OW70L-Dac,Intellian Tech.,ENT-K,Bundle-1.6.3-B5_OW70L-JL_0.46_AIM_1.6.13.2_CNX_2.7.1.44_MDM_3.5.1.0.6_MIM_1.1.0.,ENT-K_3.3.0.9
901600000000181,35155411000095,ACC-DP-0000549,DP-EC-0000046,SC-0000000425,Classic 50/10/UG,cbh.customer.mnc060.mcc901.gprs,LOC-000000131,OFFLINE,03-10-2022,03/25/2022,Not Available,,,,,,100.64.63.61,Not Available,OW70L-Dac,Intellian Tech.,ENT-K,Bundle-1.6.3-B5_OW70L-JL_0.46_AIM_1.6.13.2_CNX_2.7.1.44_MDM_3.5.1.0.6_MIM_1.1.0.,ENT-K_3.3.0.11
901600000000198,35155411000024,ACC-DP-0000546,DP-EC-0000045,SC-0000000556,Entry 75/15/500B,sprint.mnc060.mcc901.gprs,LOC-000000146,OFFLINE,09/15/2021,03/25/2022,ACC-DP-0000546,,,,,,100.64.14.74,"WESGB1 - OW Demo UT, Westcott",OW70L-Dac,Intellian Tech.,ENT-K,Bundle-1.6.3-B5_OW70L-JL_0.46_AIM_1.5.31_CNX_2.7.1.44_MDM_3.5.1.0.6_MIM_1.1.0.23,ENT-K_3.3.0.9
901600000000202,35155411000008,ACC-DP-0000549,DP-EC-0000046,SC-0000000316,Classic 50/10/UG,sprint.mnc060.mcc901.gprs,LOC-000000117,,,,Not Available,,,,,,,Not Available,,,,,
901600000000203,35155411000007,ACC-DP-0000549,DP-EC-0000046,SC-0000000305,Classic 50/10/UG,sprint.mnc060.mcc901.gprs,LOC-000000117,OFFLINE,09/15/2021,03/15/2022,ACC-DP-0000549,,,,,,100.64.31.71,PMOIT1,OW70L-Dac,Intellian Tech.,ENT-K,,ENT-K_3.3.0.9
901600000000204,35155411000012,ACC-DP-0000549,DP-EC-0000046,SC-0000000397,Classic 50/10/UG,sprint.mnc060.mcc901.gprs,LOC-000000120,,,,Not Available,,,,,,,Not Available,,,,,
901600000000207,35155411000006,ACC-DP-0000549,DP-EC-0000046,SC-0000000312,Classic 50/10/UG,sprint.mnc060.mcc901.gprs,LOC-000000117,,,,Not Available,,,,,,,Not Available,,,,,
901600000000208,35155411000002,ACC-DP-0000549,DP-EC-0000046,SC-0000000354,Classic 50/10/UG,sprint.mnc060.mcc901.gprs,LOC-000000119,ONLINE,09/15/2021,03/25/2022,ACC-DP-0000549,,,,,,100.64.31.238,ZAGHR1,OW70L-Dac,Intellian Tech.,ENT-K,,ENT-K_3.3.0.11
901600000000209,35155411000215,ACC-DP-0000341,DP-EC-0000014,FAKE-PRD-351554110002152,IP Access 50/10,,FBXUS1,OFFLINE,10-04-2021,03/25/2022,ACC-DP-0000341,,,,,,100.64.79.22,FBXUS1,OW70L-Dac,Intellian Tech.,ENT-K,Bundle-1.6.3-B5_OW70L-JL_0.46_AIM_1.6.13.2_CNX_2.7.1.44_MDM_3.5.1.0.6_MIM_1.1.0.,ENT-K_3.3.0.9
901600000000214,35155411000037,Not Available,Not Available,Not Available,Not Available,Not Available,Not Available,OFFLINE,02/15/2022,03-11-2022,Not Available,,,,,,100.64.63.31,CLEUS2,OW70L-Dac,Intellian Tech.,ENT-K,Bundle-1.6.3-B5_OW70L-JL_0.46_AIM_1.5.31_CNX_2.7.1.44_MDM_3.5.1.0.6_MIM_1.1.0.23,ENT-K_3.3.0.9
901600000000219,35155411000042,Not Available,Not Available,Not Available,Not Available,Not Available,Not Available,OFFLINE,09-03-2021,11/17/2021,ACC-DP-0000549,,,,,,100.64.15.212,LYBSJ1-Decomm,OW70L-Dac,Intellian Tech.,ENT-K,,ENT-K_3.3.0.3
901600000000234,35155411000040,ACC-DP-0000548,DP-EC-0000044,PRD-REF-TALUS2,REFERENCE-UT-PRD,,6,OFFLINE,09/21/2021,01-12-2022,ACC-DP-0000548,,,,,,100.64.79.128,TKAUS2-OLD,OW70L-Dac,Intellian Tech.,ENT-K,,ENT-K_3.3.0.7
901600000000236,35155411000014,ACC-DP-0000546,DP-EC-0000045,SC-0000000518,Entry 75/15/500B,sprint.mnc060.mcc901.gprs,LOC-000000144,ONLINE,11-04-2021,03/25/2022,ACC-DP-0000546,,,,,,100.64.15.40,LONGB1 - Demo UT,OW70L-Dac,Intellian Tech.,ENT-K,Bundle-1.6.3-B5_OW70L-JL_0.46_AIM_1.5.31_CNX_2.7.1.44_MDM_3.5.1.0.6_MIM_1.1.0.23,ENT-K_3.3.0.9
901600000000250,35155411000001,ACC-DP-0000548,DP-EC-0000044,SC-0000000254,Classic 30/6/UG,sprint.mnc060.mcc901.gprs,LOC-000000103,ONLINE,11-12-2021,03/25/2022,ACC-DP-0000548,,,,,,100.64.15.181,LONGB2,OW70L-Dac,Intellian Tech.,ENT-K,Bundle-1.6.3-B5_OW70L-JL_0.46_AIM_1.5.31_CNX_2.7.1.44_MDM_3.5.1.0.6_MIM_1.1.0.23,ENT-K_3.3.0.9
901600000000262,35155411000033,ACC-DP-0000546,DP-EC-0000045,FAKE-PRD-351554110000339,IP Access 50/10,,LFFUS4,ONLINE,09/24/2021,03/25/2022,ACC-DP-0000546,,,,,,100.64.45.128,"LFFUS4 - Demo UT, Lake Forest",OW70L-Dac,Intellian Tech.,ENT-K,Bundle-1.6.3-B5_OW70L-JL_0.46_AIM_1.5.31_CNX_2.7.1.44_MDM_3.5.1.0.6_MIM_1.1.0.23,ENT-K_3.3.0.9
901600000000272,35155411000019,ACC-DP-0000548,DP-EC-0000044,SC-0000000571,Classic 30/6/UG,sprint.mnc060.mcc901.gprs,LOC-000000105,OFFLINE,10/19/2021,03/23/2022,ACC-DP-0000548,,,,,,100.64.15.182,STAPT1,OW70L-Dac,Intellian Tech.,ENT-K,Bundle-1.6.3-B5_OW70L-JL_0.46_AIM_1.5.31_CNX_2.7.1.44_MDM_3.5.1.0.6_MIM_1.1.0.23,ENT-K_3.3.0.9
901600000000274,35155411000039,Not Available,Not Available,Not Available,Not Available,Not Available,Not Available,OFFLINE,09-03-2021,11/19/2021,ACC-DP-0000549,,,,,,100.64.15.31,LYBSJ3-Decomm,OW70L-Dac,Intellian Tech.,ENT-K,Beta_Bundle_1.3-OW70L-JL_0.46_AIM_1.5.23_CNX_2.7.1.44_MDM_3.5.1.0.6_MIM_1.1.0.23,ENT-K_3.3.0.3
901600000000279,35155411000005,ACC-DP-0000549,DP-EC-0000046,SC-0000000399,Classic 50/10/UG,sprint.mnc060.mcc901.gprs,LOC-000000129,OFFLINE,09/15/2021,03/25/2022,ACC-DP-0000549,,,,,,100.64.14.72,STOSE1,OW70L-Dac,Intellian Tech.,ENT-K,,ENT-K_3.3.0.11
901600000000289,35155411000013,ACC-DP-0000549,DP-EC-0000046,SC-0000000352,Classic 50/10/UG,sprint.mnc060.mcc901.gprs,LOC-000000120,OFFLINE,09-03-2021,03/25/2022,ACC-DP-0000549,,,,,,100.64.15.74,OSLNO1,OW70L-Dac,Intellian Tech.,ENT-K,Bundle-1.6.3-B5_OW70L-JL_0.46_AIM_1.5.31_CNX_2.7.1.44_MDM_3.5.1.0.6_MIM_1.1.0.23,ENT-K_3.3.0.9
901600000000301,35155411000016,ACC-DP-0000548,DP-EC-0000044,SC-0000000293,Classic 30/6/UG,sprint.mnc060.mcc901.gprs,LOC-000000099,OFFLINE,11-04-2021,03/25/2022,ACC-DP-0000548,,,,,,100.64.78.3,TKAUS1,OW70L-Dac,Intellian Tech.,ENT-K,Bundle-1.6.3-B5_OW70L-JL_0.46_AIM_1.5.31_CNX_2.7.1.44_MDM_3.5.1.0.6_MIM_1.1.0.23,ENT-K_3.3.0.9
901600000000302,35155411000010,ACC-DP-0000549,DP-EC-0000046,SC-0000000356,Classic 50/10/UG,sprint.mnc060.mcc901.gprs,LOC-000000119,ONLINE,12/17/2021,03/25/2022,ACC-DP-0000549,,,,,,100.64.31.236,ZAGHR2,OW70L-Dac,Intellian Tech.,ENT-K,,ENT-K_3.3.0.11
901600000000304,35155411000036,ACC-DP-0000548,DP-EC-0000044,SC-0000000336,Classic 30/6/UG,sprint.mnc060.mcc901.gprs,LOC-000000104,OFFLINE,09/16/2021,03/25/2022,ACC-DP-0000548,,,,,,100.64.15.26,WESGB2 - Golden UT,OW70L-Dac,Intellian Tech.,ENT-K,Bundle-1.6.3-B5_OW70L-JL_0.46_AIM_1.5.31_CNX_2.7.1.44_MDM_3.5.1.0.6_MIM_1.1.0.23,ENT-K_3.3.0.9
901600000000312,35155411000025,ACC-DP-0000548,DP-EC-0000044,PRD-REF-STPUS1,REFERENCE-UT-PRD,APN1.com,10,OFFLINE,11/22/2021,03-02-2022,ACC-DP-0000548,,,,,,100.64.95.13,STPUS1,OW70L-Dac,Intellian Tech.,ENT-K,,ENT-K_3.3.0.7
901600000000313,35155411000037,ACC-DP-0000548,DP-EC-0000044,SC-0000000341,Classic 30/6/UG,cbh.customer.mnc060.mcc901.gprs,LOC-000000127,,,,Not Available,,,,,,,Not Available,,,,,
901600000000319,35155411000004,ACC-DP-0000549,DP-EC-0000046,SC-0000000411,Classic 50/10/UG,sprint.mnc060.mcc901.gprs,LOC-000000129,,,,Not Available,,,,,,,Not Available,,,,,
901600000000330,35155411000021,ACC-DP-0000546,DP-EC-0000045,FAKE-PRD-351554110000214,IP Access 50/10,,LFFUS3,ONLINE,09/24/2021,03/25/2022,ACC-DP-0000546,,,,,,100.64.45.133,LFFUS3,OW70L-Dac,Intellian Tech.,ENT-K,,ENT-K_3.3.0.11
901600000000331,35160200412064,ACC-DP-0000549,DP-EC-0000046,SC-0000000314,Classic 50/10/UG,sprint.mnc060.mcc901.gprs,LOC-000000117,OFFLINE,11-05-2021,03/25/2022,ACC-DP-0000549,,,,,,100.64.31.237,PMOIT3,OW70L-Dac,Intellian Tech.,ENT-K,,ENT-K_3.3.0.11
901600000000352,35155411000022,ACC-DP-0000595,DP-EC-0000271,SC-0000000529,Classic 50/10/UG,sprint.mnc060.mcc901.gprs,LOC-000000147,OFFLINE,12/28/2021,03-03-2022,ACC-DP-0000595,,,,,,100.64.47.68,BTDUS1,Unknown,Intellian Tech.,ENT-K,Bundle-1.6.3_OW70L-JL_0.46_AIM_1.6.13.1_CNX_2.7.1.44_MDM_3.5.1.0.6_MIM_1.1.0.23_,ENT-K_3.3.0.9
901600000000357,35155411000020,ACC-DP-0000549,DP-EC-0000046,SC-0000000469,Classic 50/10/UG,sprint.mnc060.mcc901.gprs,LOC-000000138,OFFLINE,11-04-2021,03/25/2022,ACC-DP-0000549,,,,,,100.64.45.131,SOUUS1 - Golden UT,OW70L-Dac,Intellian Tech.,ENT-K,,ENT-K_3.3.0.11
901600000000368,35155411000023,ACC-DP-0000595,DP-EC-0000271,SC-0000000534,Classic 50/10/UG,sprint.mnc060.mcc901.gprs,LOC-000000147,ONLINE,09/29/2021,03/25/2022,ACC-DP-0000595,,,,,,100.64.45.120,BTDUS2,OW70L-Dac,Intellian Tech.,ENT-K,Bundle-1.6.3-B5_OW70L-JL_0.46_AIM_1.6.13.2_CNX_2.7.1.44_MDM_3.5.1.0.6_MIM_1.1.0.,ENT-K_3.3.0.11
901600000000793,35155411000613,ACC-DP-0000549,DP-EC-0000046,SC-0000000413,Classic 50/10/UG,sprint.mnc060.mcc901.gprs,LOC-000000130,OFFLINE,02-04-2022,03/16/2022,ACC-DP-0000549,,,,,,100.64.207.19,LYBSJ1-NEW,OW70L-Dac,Intellian Tech.,ENT-K,,ENT-K_3.3.0.9
901600000000799,35155411000588,ACC-DP-0000546,DP-EC-0000257,SC-0000000506,TRIAL Classic 75/15/UG,cbh.customer.mnc060.mcc901.gprs,LOC-000000140,,,,Not Available,,,,,,,Not Available,,,,,
901600000000850,35155411000591,ACC-DP-0000546,DP-EC-0000272,SC-0000000549,TRIAL Classic 75/15/UG,cbh.customer.mnc060.mcc901.gprs,LOC-000000150,,,,Not Available,,,,,,,Not Available,,,,,
901600000000875,35155411000621,ACC-DP-0000341,DP-EC-0000165,SC-0000000569,TRIAL Classic 75/15/UG,pdi.ba.mnc060.mcc901.gprs,LOC-000000145,ONLINE,03/16/2022,03/25/2022,ACC-DP-0000341,,,,,,100.64.79.42,BETUS3,OW70L-Dac,Intellian Tech.,ENT-K,Bundle-1.6.3-B5_OW70L-TR_0.15.90_AIM_1.6.13.2_CNX_2.7.1.44_MDM_3.5.1.0.6_MIM_1.1,ENT-K_3.3.0.9
901600000000876,35155411002054,ACC-DP-0000341,DP-EC-0000072,SC-0000000148,Trial PDI-IPC 75/15/UPD,pdi.ba.mnc060.mcc901.gprs,LOC-000000075,ONLINE,01/29/2022,03/25/2022,ACC-DP-0000341,,,,,,100.64.78.6,SNP-SIX,OW70L-Dac,Intellian Tech.,ENT-K,Bundle-1.6.1_OW70L-JL_0.46_AIM_1.6.12.1_CNX_2.7.1.44_MDM_3.5.1.0.6_MIM_1.1.0.23_,ENT-K_3.3.0.7
901600000000890,35155411000592,Not Available,Not Available,Not Available,Not Available,Not Available,Not Available,ONLINE,02/21/2022,03/25/2022,ACC-DP-0000225,,,,,,100.64.45.134,HNS-T1,OW70L-Dac,Intellian Tech.,ENT-K,Bundle-1.6.3-B5_OW70L-TR_0.15.90_AIM_1.6.13.2_CNX_2.7.1.44_MDM_3.5.1.0.6_MIM_1.1,ENT-K_3.3.0.9
901600000000901,35155411002055,ACC-DP-0000341,DP-EC-0000117,SC-0000000206,Trial PDI-IPC 75/15/UPD,pdi.ba.mnc060.mcc901.gprs,LOC-000000090,ONLINE,12/30/2021,03/25/2022,ACC-DP-0000341,,,,,,100.64.79.49,PDI-NET,OW70L-Dac,Intellian Tech.,ENT-K,Bundle-1.6.3-B5_OW70L-JL_0.46_AIM_1.6.13.2_CNX_2.7.1.44_MDM_3.5.1.0.6_MIM_1.1.0.,ENT-K_3.3.0.9
901600000000916,35155411001055,ACC-DP-0000042,DP-EC-0000020,SC-0000000616,TRIAL AST5G OCEAN 75/15/2500S,astgltd42-ba-9.mnc060.mcc901.gprs,LOC-000000158,ONLINE,12-01-2021,03/25/2022,ACC-DP-0000042,,,,,,100.64.45.87,AST RUT2,OW70R-Dac,Intellian Tech.,ENT-K,,ENT-K_3.3.0.9
901600000000921,35155411002065,Not Available,Not Available,Not Available,Not Available,Not Available,Not Available,ONLINE,01/31/2022,03/25/2022,ACC-DP-0000319,,,,,,100.64.79.154,BBTC - King Salmon,OW70L-Dac,Intellian Tech.,ENT-K,Bundle-1.6.3-B5_OW70L-JL_0.46_AIM_1.6.13.2_CNX_2.7.1.44_MDM_3.5.1.0.6_MIM_1.1.0.,ENT-K_3.3.0.9
901600000000945,35155411001054,ACC-DP-0000042,DP-EC-0000020,SC-0000000299,TRIAL AST5G OCEAN CREW 100/20/3000B,astgltd42-ipa-9.mnc060.mcc901.gprs,LOC-000000116,ONLINE,11/16/2021,03/25/2022,ACC-DP-0000042,,,,,,100.64.15.57,AST RUT1,OW70R-Dac,Intellian Tech.,ENT-K,,ENT-K_3.3.0.9
901600000001004,35155411000269,ACC-DP-0000546,DP-EC-0000045,FAKE-PRD-351554110002699,IP Access 50/10,,LFFUS5,OFFLINE,09/27/2021,03/25/2022,ACC-DP-0000546,,,,,,100.64.45.96,LFFUS5,OW70L-Dac,Intellian Tech.,ENT-K,Bundle-1.6.3-B5_OW70L-TR_0.15.90_AIM_1.6.13.2_CNX_2.7.1.44_MDM_3.5.1.0.6_MIM_1.1,ENT-K_3.3.0.9
901600000001039,35155411000284,ACC-DP-0000546,DP-EC-0000126,SC-0000000220,Classic 75/15/UG,cbh.customer.mnc060.mcc901.gprs,LOC-000000098,OFFLINE,01/20/2022,02/22/2022,ACC-DP-0000546,,,,,,100.64.223.45,Not Available,OW70L-Dac,Intellian Tech.,ENT-K,Bundle_1.1-OW70L-TR_0.15.00_AIM_1.6.9.1_CNX_2.7.1.44_MDM_3.5.1.06_MIM_1.1.0.23_S,ENT-K_3.2.1.93
901600000001045,35155411000342,ACC-DP-0000112,DP-EC-0000273,SC-0000000551,TRIAL Classic 75/15/UG,galaxy.ipa.mnc060.mcc901.gprs,LOC-000000151,,,,Not Available,,,,,,,Not Available,,,,,
901600000001050,35155411000413,ACC-DP-0000549,DP-EC-0000046,SC-0000000318,Classic 50/10/UG,sprint.mnc060.mcc901.gprs,LOC-000000117,OFFLINE,11-08-2021,03/23/2022,ACC-DP-0000549,,,,,,100.64.31.206,PMOIT5,OW70L-Dac,Intellian Tech.,ENT-K,Bundle_1.5.0-OW70L-TR_0.15.0_AIM_1.6.10.5_CNX_2.7.1.44_MDM_3.5.1.0.6_MIM_1.1.0.2,ENT-K_3.3.0.7
901600000001085,35155411000320,ACC-DP-0000548,DP-EC-0000044,SC-0000000269,Classic 30/6/UG,sprint.mnc060.mcc901.gprs,LOC-000000107,OFFLINE,11-09-2021,03/25/2022,ACC-DP-0000548,,,,,,100.64.45.109,SOUUS2,OW70L-Dac,Intellian Tech.,ENT-K,Bundle-1.6.3-B5_OW70L-TR_0.15.90_AIM_1.6.13.2_CNX_2.7.1.44_MDM_3.5.1.0.6_MIM_1.1,ENT-K_3.3.0.9
901600000001099,35155411000359,ACC-DP-0000548,DP-EC-0000044,SC-0000000295,Classic 30/6/UG,sprint.mnc060.mcc901.gprs,LOC-000000108,ONLINE,01/25/2022,03/25/2022,ACC-DP-0000548,,,,,,100.64.45.137,GOHGL1,OW70L-Dac,Intellian Tech.,ENT-K,Bundle-1.6.3-B5_OW70L-TR_0.15.90_AIM_1.6.13.2_CNX_2.7.1.44_MDM_3.5.1.0.6_MIM_1.1,ENT-K_3.3.0.9
901600000001118,35155411000288,ACC-DP-0000546,DP-EC-0000280,SC-0000000567,TRIAL Classic 50/10/UG,cbh.customer.mnc060.mcc901.gprs,LOC-000000153,OFFLINE,03/21/2022,03/22/2022,ACC-DP-0000546,,,,,,100.64.207.46,SSC-RCMP,OW70L-Dac,Intellian Tech.,ENT-K,Bundle-1.6.3-B5_OW70L-TR_0.15.90_AIM_1.6.13.2_CNX_2.7.1.44_MDM_3.5.1.0.6_MIM_1.1,ENT-K_3.3.0.9
901600000001120,35155411000391,ACC-DP-0000546,DP-EC-0000045,SC-0000000497,Entry 75/15/500B,cbh.customer.mnc060.mcc901.gprs,LOC-000000125,ONLINE,03-08-2022,03/25/2022,ACC-DP-0000546,,,,,,100.64.78.246,ANCDEMO2,OW70L-Dac,Intellian Tech.,ENT-K,Bundle-1.6.3-B5_OW70L-TR_0.15.90_AIM_1.6.13.2_CNX_2.7.1.44_MDM_3.5.1.0.6_MIM_1.1,ENT-K_3.3.0.9
901600000001122,35155411000307,ACC-DP-0000546,DP-EC-0000258,SC-0000000511,TRIAL Classic 75/15/UG,cbh.customer.mnc060.mcc901.gprs,LOC-000000141,,,,Not Available,,,,,,,Not Available,,,,,
901600000001143,35155411000612,ACC-DP-0000549,DP-EC-0000046,SC-0000000409,Classic 50/10/UG,sprint.mnc060.mcc901.gprs,LOC-000000130,OFFLINE,02-03-2022,03/16/2022,ACC-DP-0000549,,,,,,100.64.14.45,LYBSJ3-NEW,OW70L-Dac,Intellian Tech.,ENT-K,,ENT-K_3.3.0.9
901600000001146,35155411000385,ACC-DP-0000549,DP-EC-0000046,SC-0000000415,Classic 50/10/UG,sprint.mnc060.mcc901.gprs,LOC-000000130,OFFLINE,11/29/2021,03/25/2022,ACC-DP-0000549,,,,,,100.64.15.206,LYBSJ2,OW70L-Dac,Intellian Tech.,ENT-K,,ENT-K_3.3.0.11
901600000001165,35155411000273,ACC-DP-0000546,DP-EC-0000184,SC-0000000276,Classic 75/15/UG,cbh.customer.mnc060.mcc901.gprs,LOC-000000114,OFFLINE,02-05-2022,02-06-2022,ACC-DP-0000546,,,,,,100.64.223.33,NWTel YellowKnife-1,OW70L-Dac,Intellian Tech.,ENT-K,,ENT-K_3.3.0.7
901600000001181,35155411000329,ACC-DP-0000546,DP-EC-0000254,SC-0000000451,TRIAL Classic 75/15/UG,cbh.customer.mnc060.mcc901.gprs,LOC-000000136,ONLINE,03-08-2022,03/25/2022,ACC-DP-0000546,,,,,,100.64.207.116,Galaxy Pipestone 2,OW70L-Dac,Intellian Tech.,ENT-K,Bundle-1.6.3-B5_OW70L-TR_0.15.90_AIM_1.6.13.2_CNX_2.7.1.44_MDM_3.5.1.0.6_MIM_1.1,ENT-K_3.3.0.9
901600000001203,35155411000313,ACC-DP-0000546,DP-EC-0000253,SC-0000000458,TRIAL Classic 75/15/UG,cbh.customer.mnc060.mcc901.gprs,LOC-000000135,ONLINE,03-08-2022,03/25/2022,ACC-DP-0000546,,,,,,100.64.207.110,Galaxy Pipestone 1,OW70L-Dac,Intellian Tech.,ENT-K,Bundle-1.6.3-B5_OW70L-TR_0.15.90_AIM_1.6.13.2_CNX_2.7.1.44_MDM_3.5.1.0.6_MIM_1.1,ENT-K_3.3.0.9
901600000001232,35155411000390,ACC-DP-0000319,DP-EC-0000123,SC-0000000431,TRIAL Classic 50/10/UG,acs.ba.mnc060.mcc901.gprs,LOC-000000122,ONLINE,02/26/2022,03/25/2022,ACC-DP-0000319,,,,,,100.64.79.28,Alyeska Seafood,OW70L-Dac,Intellian Tech.,ENT-K,Bundle-1.6.2_OW70L-TR_0.15.90_AIM_1.6.13.1_CNX_2.7.1.44_MDM_3.5.1.0.6_MIM_1.1.0.,ENT-K_3.3.0.9
901600000001244,35155411000144,Not Available,Not Available,Not Available,Not Available,Not Available,Not Available,ONLINE,12/15/2021,03/25/2022,ACC-DP-0000319,,,,,,100.64.79.209,Crooked Creek,OW70L-Dac,Intellian Tech.,ENT-K,Bundle-1.6.3-B5_OW70L-JL_0.46_AIM_1.6.13.2_CNX_2.7.1.44_MDM_3.5.1.0.6_MIM_1.1.0.,ENT-K_3.3.0.9
901600000001248,35155411000164,ACC-DP-0000341,DP-EC-0000014,SC-0000000133,Trial PDI-IPC 75/15/UPD,pdi.ba.mnc060.mcc901.gprs,LOC-000000060,ONLINE,11/22/2021,03/25/2022,ACC-DP-0000341,,,,,,100.64.78.43,ANC-ORT,OW70L-Dac,Intellian Tech.,ENT-K,Bundle-1.6.3-B5_OW70L-JL_0.46_AIM_1.6.13.2_CNX_2.7.1.44_MDM_3.5.1.0.6_MIM_1.1.0.,ENT-K_3.3.0.9
901600000001249,35155411000279,ACC-DP-0000546,DP-EC-0000185,SC-0000000278,Classic 75/15/UG,cbh.customer.mnc060.mcc901.gprs,LOC-000000115,OFFLINE,02-04-2022,02-05-2022,ACC-DP-0000546,,,,,,100.64.223.31,NWTel YellowKnife-2,OW70L-Dac,Intellian Tech.,ENT-K,,ENT-K_3.3.0.7
901600000001252,35155411000124,Not Available,Not Available,Not Available,Not Available,Not Available,Not Available,OFFLINE,01-01-2022,01-01-2022,ACC-DP-0000319,,,,,,100.64.79.70,City of Bethel Old,OW70L-Dac,Intellian Tech.,ENT-K,,ENT-K_3.3.0.4
901600000001255,35155411000169,ACC-DP-0000546,DP-EC-0000279,SC-0000000562,TRIAL Classic 50/10/UG,cbh.customer.mnc060.mcc901.gprs,LOC-000000152,OFFLINE,03/16/2022,03/23/2022,ACC-DP-0000546,,,,,,100.64.207.47,SSC-DND,OW70L-Dac,Intellian Tech.,ENT-K,Bundle-1.6.3-B5_OW70L-TR_0.15.90_AIM_1.6.13.2_CNX_2.7.1.44_MDM_3.5.1.0.6_MIM_1.1,ENT-K_3.3.0.9
901600000001274,35155411000275,Not Available,Not Available,Not Available,Not Available,Not Available,Not Available,ONLINE,01/17/2022,03/25/2022,ACC-DP-0000319,,,,,,100.64.79.161,City of Bethel,OW70L-Dac,Intellian Tech.,ENT-K,Bundle-1.6.3-B5_OW70L-JL_0.46_AIM_1.6.13.2_CNX_2.7.1.44_MDM_3.5.1.0.6_MIM_1.1.0.,ENT-K_3.3.0.9
901600000001275,35155411000150,ACC-DP-0000341,DP-EC-0000056,SC-0000000137,Trial PDI-IPC 75/15/UPD,pdi.ba.mnc060.mcc901.gprs,LOC-000000063,OFFLINE,11/19/2021,03/19/2022,ACC-DP-0000341,,,,,,100.64.79.151,PDI-TAC,OW70L-Dac,Intellian Tech.,ENT-K,Bundle-1.6.3-B5_OW70L-JL_0.46_AIM_1.6.13.2_CNX_2.7.1.44_MDM_3.5.1.0.6_MIM_1.1.0.,ENT-K_3.3.0.9
901600000001282,35155411000086,ACC-DP-0000546,DP-EC-0000250,SC-0000000444,TRIAL Classic 75/15/UG,cbh.customer.mnc060.mcc901.gprs,LOC-000000133,ONLINE,03-02-2022,03/25/2022,Not Available,,,,,,100.64.207.125,NWTel Iqaluit 2,OW70L-Dac,Intellian Tech.,ENT-K,Bundle-1.6.3-B5_OW70L-JL_0.46_AIM_1.6.13.2_CNX_2.7.1.44_MDM_3.5.1.0.6_MIM_1.1.0.,ENT-K_3.3.0.9
901600000001284,35155411000184,Not Available,Not Available,Not Available,Not Available,Not Available,Not Available,OFFLINE,01-08-2022,01-09-2022,Not Available,,,,,,100.64.79.179,Not Available,OW70L-Dac,Intellian Tech.,ENT-K,,ENT-K_3.3.0.7
901600000001287,35155411000224,ACC-DP-0000546,DP-EC-0000252,SC-0000000446,TRIAL Classic 75/15/UG,cbh.customer.mnc060.mcc901.gprs,LOC-000000134,ONLINE,03/17/2022,03/25/2022,ACC-DP-0000409,,,,,,100.64.223.228,Kyndryl UT 2,OW70L-Dac,Intellian Tech.,ENT-K,Bundle-1.6.3-B5_OW70L-TR_0.15.90_AIM_1.6.13.2_CNX_2.7.1.44_MDM_3.5.1.0.6_MIM_1.1,ENT-K_3.3.0.9
901600000001289,35155411000097,ACC-DP-0000112,DP-EC-0000047,SC-0000000131,Trial GBA-ENT 50/10US (Unlimited Silver),galaxy.ipa.mnc060.mcc901.gprs,LOC-000000053,ONLINE,11/25/2021,03/25/2022,ACC-DP-0000112,,,,,,100.64.223.167,GBOWEDM1,OW70L-Dac,Intellian Tech.,ENT-K,Bundle-1.6.3-B5_OW70L-JL_0.46_AIM_1.6.13.2_CNX_2.7.1.44_MDM_3.5.1.0.6_MIM_1.1.0.,ENT-K_3.3.0.9
901600000001291,35155411000147,Not Available,Not Available,Not Available,Not Available,Not Available,Not Available,ONLINE,02-10-2022,03/25/2022,ACC-DP-0000341,,,,,,100.64.78.21,FBXUS2,OW70L-Dac,Intellian Tech.,ENT-K,Bundle-1.6.3-B5_OW70L-JL_0.46_AIM_1.6.13.2_CNX_2.7.1.44_MDM_3.5.1.0.6_MIM_1.1.0.,ENT-K_3.3.0.9
901600000001292,35155411000103,ACC-DP-0000225,DP-EC-0000197,SC-0000000320,TRIAL Classic 50/10/UG,owt.ipa.mnc060.mcc901.gprs,LOC-000000121,OFFLINE,02/18/2022,03-09-2022,ACC-DP-0000225,,,,,,100.64.79.125,Prudhoe,OW70L-Dac,Intellian Tech.,ENT-K,Bundle-1.6.1_OW70L-JL_0.46_AIM_1.6.12.1_CNX_2.7.1.44_MDM_3.5.1.0.6_MIM_1.1.0.23_,ENT-K_3.3.0.7
901600000001293,35155411000060,ACC-DP-0000042,DP-EC-0000039,SC-0000000109,Trial AST5G-ENT 125/25/500B,ast.ba,LOC-000000048,ONLINE,10-05-2021,03/25/2022,ACC-DP-0000042,,,,,,100.64.31.240,AST Ref UT - GY Roof,OW70L-Dac,Intellian Tech.,ENT-K,Bundle-1.6.3-B5_OW70L-JL_0.46_AIM_1.6.13.2_CNX_2.7.1.44_MDM_3.5.1.0.6_MIM_1.1.0.,ENT-K_3.3.0.9
901600000001294,35155411000062,ACC-DP-0000225,DP-EC-0000021,FAKE-PRD-351554110000628,IP Access 50/10,,HNS-T1,OFFLINE,10/13/2021,02-09-2022,ACC-DP-0000225,,,,,,100.64.47.57,HNS-T1- OLD Decomm,OW70L-Dac,Intellian Tech.,ENT-K,,ENT-K_3.3.0.7
901600000001299,35155411000158,ACC-DP-0000341,DP-EC-0000066,SC-0000000141,Trial PDI-IPC 75/15/UPD,pdi.ba.mnc060.mcc901.gprs,LOC-000000070,OFFLINE,11-12-2021,03/25/2022,ACC-DP-0000341,,,,,,100.64.78.58,AKIUS1,OW70L-Dac,Intellian Tech.,ENT-K,Bundle-1.6.3-B5_OW70L-JL_0.46_AIM_1.6.13.2_CNX_2.7.1.44_MDM_3.5.1.0.6_MIM_1.1.0.,ENT-K_3.3.0.9
901600000001307,35155411000043,Not Available,Not Available,Not Available,Not Available,Not Available,Not Available,OFFLINE,01-11-2022,03/20/2022,Not Available,,,,,,100.64.47.57,GERUS2,OW70L-Dac,Intellian Tech.,ENT-K,Bundle-1.6.3-B2_OW70L-JL_0.46_AIM_1.6.13.2_CNX_2.7.1.44_MDM_3.5.1.0.6_MIM_1.1.0.,ENT-K_3.3.0.9
901600000001311,35155411000096,ACC-DP-0000341,DP-EC-0000071,SC-0000000139,Trial PDI-IPC 75/15/UPD,pdi.ba.mnc060.mcc901.gprs,LOC-000000073,OFFLINE,01/18/2022,03/23/2022,ACC-DP-0000341,,,,,,100.64.79.158,NNKCCH1,OW70L-Dac,Intellian Tech.,ENT-K,Bundle-1.6.3-B5_OW70L-JL_0.46_AIM_1.6.13.2_CNX_2.7.1.44_MDM_3.5.1.0.6_MIM_1.1.0.,ENT-K_3.3.0.9
901600000001314,35155411000061,ACC-DP-0000225,DP-EC-0000021,FAKE-PRD-351554110000610,IP Access 50/10,,HNS-MD,ONLINE,11-08-2021,03/25/2022,ACC-DP-0000225,,,,,,100.64.45.141,HNS-MD,OW70L-Dac,Intellian Tech.,ENT-K,Bundle-1.6.1_OW70L-JL_0.46_AIM_1.6.12.1_CNX_2.7.1.44_MDM_3.5.1.0.6_MIM_1.1.0.23_,ENT-K_3.3.0.7
901600000001315,35155411000083,Not Available,Not Available,Not Available,Not Available,Not Available,Not Available,OFFLINE,12/16/2021,01/28/2022,ACC-DP-0000319,,,,,,100.64.78.151,King Salmon - Decomm,OW70L-Dac,Intellian Tech.,ENT-K,,ENT-K_3.3.0.5
901600000001316,35155411000246,ACC-DP-0000022,DP-EC-0000225,SC-0000000433,MARLINKTEST Entry 75/15/500B,marlink.ipa.mnc060.mcc901.gprs,LOC-000000124,ONLINE,03-10-2022,03/25/2022,ACC-DP-0000022,,,,,,100.64.15.245,Eik Testbed - OW70L,OW70L-Dac,Intellian Tech.,ENT-K,Bundle-1.6.3-B5_OW70L-TR_0.15.90_AIM_1.6.13.2_CNX_2.7.1.44_MDM_3.5.1.0.6_MIM_1.1,ENT-K_3.3.0.9
901600000001318,35155411000160,Not Available,Not Available,Not Available,Not Available,Not Available,Not Available,ONLINE,02/25/2022,03/25/2022,ACC-DP-0000341,,,,,,100.64.79.73,DUTUS1 - New,OW70L-Dac,Intellian Tech.,ENT-K,Bundle-1.6.3-B5_OW70L-JL_0.46_AIM_1.6.13.2_CNX_2.7.1.44_MDM_3.5.1.0.6_MIM_1.1.0.,ENT-K_3.3.0.9
901600000001322,35155411000085,ACC-DP-0000546,DP-EC-0000126,SC-0000000218,Classic 75/15/UG,cbh.customer.mnc060.mcc901.gprs,LOC-000000096,,,,Not Available,,,,,,,Not Available,,,,,
901600000001327,35155411000191,ACC-DP-0000546,DP-EC-0000255,SC-0000000463,Trial Entry 75/15/500B,cbh.customer.mnc060.mcc901.gprs,LOC-000000137,ONLINE,03-03-2022,03/25/2022,ACC-DP-0000546,,,,,,100.64.15.29,BT_ADASTRAL,OW70L-Dac,Intellian Tech.,ENT-K,Bundle-1.6.3-B5_OW70L-TR_0.15.90_AIM_1.6.13.2_CNX_2.7.1.44_MDM_3.5.1.0.6_MIM_1.1,ENT-K_3.3.0.9
901600000001328,35155411000054,Not Available,Not Available,Not Available,Not Available,Not Available,Not Available,OFFLINE,10-02-2021,10-02-2021,Not Available,,,,,,100.64.79.208,"Out of Service, IMEI/IMSI retired, SSM replaced, UT s/n now on IMEI *0002152",OW70L-Dac,Intellian Tech.,ENT-K,,ENT-K_3.2.1.91
901600000001330,35155411000049,ACC-DP-0000341,DP-EC-0000014,FAKE-PRD-351554110000495,IP Access 50/10,,ANCUS2,OFFLINE,09/21/2021,03/25/2022,ACC-DP-0000341,,,,,,100.64.223.226,ANCUS2,OW70L-Dac,Intellian Tech.,ENT-K,Bundle-1.6.3-B5_OW70L-JL_0.46_AIM_1.6.13.2_CNX_2.7.1.44_MDM_3.5.1.0.6_MIM_1.1.0.,ENT-K_3.3.0.9
901600000001334,35155411000056,ACC-DP-0000225,DP-EC-0000069,SC-0000000156,Trial IPC 75/15/UPD,trustcomm.ba.mnc060.mcc901.gprs,LOC-000000079,OFFLINE,10-01-2021,03/13/2022,ACC-DP-0000225,,,,,,100.64.47.28,38 Special,OW70L-Dac,Intellian Tech.,ENT-K,,ENT-K_3.3.0.7
901600000001336,35155411000047,ACC-DP-0000341,DP-EC-0000073,SC-0000000150,Trial PDI-IPC 75/15/UPD,pdi.ba.mnc060.mcc901.gprs,LOC-000000076,ONLINE,10-04-2021,03/25/2022,ACC-DP-0000341,,,,,,100.64.78.36,DUTUS2,OW70L-Dac,Intellian Tech.,ENT-K,Bundle-1.6.3-B5_OW70L-JL_0.46_AIM_1.6.13.2_CNX_2.7.1.44_MDM_3.5.1.0.6_MIM_1.1.0.,ENT-K_3.3.0.9
901600000001341,35155411000063,Not Available,Not Available,Not Available,Not Available,Not Available,Not Available,ONLINE,03-10-2022,03/25/2022,Not Available,,,,,,100.64.45.112,Catapult_Chilbolton,OW70L-Dac,Intellian Tech.,ENT-K,Bundle-1.6.3-B5_OW70L-JL_0.46_AIM_1.6.13.2_CNX_2.7.1.44_MDM_3.5.1.0.6_MIM_1.1.0.,ENT-K_3.3.0.9
901600000001344,35155411000053,ACC-DP-0000341,DP-EC-0000014,FAKE-PRD-351554110000537,IP Access 50/10,,BETUS1,OFFLINE,09/23/2021,03/22/2022,ACC-DP-0000341,,,,,,100.64.78.145,BETUS1,OW70L-Dac,Intellian Tech.,ENT-K,Bundle-1.6.3-B5_OW70L-JL_0.46_AIM_1.6.13.2_CNX_2.7.1.44_MDM_3.5.1.0.6_MIM_1.1.0.,ENT-K_3.3.0.9
901600000001350,35155411000045,Not Available,Not Available,Not Available,Not Available,Not Available,Not Available,ONLINE,11-08-2021,03/25/2022,ACC-DP-0000549,,,,,,100.64.45.92,GERUS1,OW70L-Dac,Intellian Tech.,ENT-K,Bundle-1.6.3-B5_OW70L-JL_0.46_AIM_1.6.13.2_CNX_2.7.1.44_MDM_3.5.1.0.6_MIM_1.1.0.,ENT-K_3.3.0.9
901600000001351,35155411000197,ACC-DP-0000546,DP-EC-0000215,SC-0000000307,Classic 75/15/UG,cbh.customer.mnc060.mcc901.gprs,LOC-000000118,OFFLINE,02/21/2022,03/22/2022,ACC-DP-0000546,,,,,,100.64.15.187,Komatsu Trial,OW70L-Dac,Intellian Tech.,ENT-K,Bundle-1.6.3-B5_OW70L-TR_0.15.90_AIM_1.6.13.2_CNX_2.7.1.44_MDM_3.5.1.0.6_MIM_1.1,ENT-K_3.3.0.9
901600000001352,35155411000044,ACC-DP-0000546,DP-EC-0000045,FAKE-PRD-351554110000446,IP Access 50/10,,WESGB3,OFFLINE,10/13/2021,12/19/2021,ACC-DP-0000546,,,,,,100.64.31.128,Catapult-PNT-Nick W,OW70L-Dac,Intellian Tech.,ENT-K,,ENT-K_3.2.1.91
901600000001353,35155411000138,ACC-DP-0000549,DP-EC-0000046,SC-0000000524,Classic 50/10/UG,sprint.mnc060.mcc901.gprs,LOC-000000143,OFFLINE,11/16/2021,11/23/2021,ACC-DP-0000549,,,,,,100.64.95.2,LFFUS2a,OW70L-Dac,Intellian Tech.,ENT-K,,ENT-K_3.2.1.93
901600000001356,35155411000072,ACC-DP-0000546,DP-EC-0000249,SC-0000000439,TRIAL Classic 75/15/UG,cbh.customer.mnc060.mcc901.gprs,LOC-000000132,ONLINE,03-02-2022,03/25/2022,ACC-DP-0000546,,,,,,100.64.207.120,NWTel Iqaluit 1,OW70L-Dac,Intellian Tech.,ENT-K,Bundle-1.6.3-B5_OW70L-JL_0.46_AIM_1.6.13.2_CNX_2.7.1.44_MDM_3.5.1.0.6_MIM_1.1.0.,ENT-K_3.3.0.9
901600000001362,35155411000058,Not Available,Not Available,Not Available,Not Available,Not Available,Not Available,OFFLINE,11-05-2021,11/25/2021,ACC-DP-0000546,,,,,,100.64.31.90,Not Available,OW70L-Dac,Intellian Tech.,ENT-K,,ENT-K_3.3.0.4
901600000001368,35155411000050,ACC-DP-0000341,DP-EC-0000014,FAKE-PRD-351554110000503,IP Access 50/10,,NOMUS1,ONLINE,09/30/2021,03/25/2022,ACC-DP-0000341,,,,,,100.64.79.140,NOMUS1,OW70L-Dac,Intellian Tech.,ENT-K,Bundle-1.6.3-B5_OW70L-JL_0.46_AIM_1.6.13.2_CNX_2.7.1.44_MDM_3.5.1.0.6_MIM_1.1.0.,ENT-K_3.3.0.9
901600000001381,35155411000065,ACC-DP-0000225,DP-EC-0000021,FAKE-PRD-351554110000651,IP Access 50/10,,HNS-T2,ONLINE,10/13/2021,03/25/2022,ACC-DP-0000225,,,,,,100.64.45.125,HNS-T2,OW70L-Dac,Intellian Tech.,ENT-K,Bundle-1.6.1_OW70L-JL_0.46_AIM_1.6.12.1_CNX_2.7.1.44_MDM_3.5.1.0.6_MIM_1.1.0.23_,ENT-K_3.3.0.7
901600000001384,35155411000057,ACC-DP-0000225,DP-EC-0000021,SC-0000000167,Trial IPC 75/15/UPD,owt.ipa.mnc060.mcc901.gprs,LOC-000000082,OFFLINE,03-02-2022,03-07-2022,ACC-DP-0000225,,,,,,100.64.47.125,DP1-AK3,OW70L-Dac,Intellian Tech.,ENT-K,,ENT-K_3.3.0.7
901600000001385,35155411000129,ACC-DP-0000225,DP-EC-0000121,SC-0000000242,Trial IPC 75/15/UPD,owt.ipa.mnc060.mcc901.gprs,LOC-000000094,,,,Not Available,,,,,,,Not Available,,,,,
901600000001390,35155411000055,ACC-DP-0000341,DP-EC-0000014,FAKE-PRD-351554110000552,IP Access 50/10,,FBXUS2,OFFLINE,09/30/2021,01/24/2022,ACC-DP-0000341,,,,,,100.64.79.48,Old FBXUS2 Decomm,OW70L-Dac,Intellian Tech.,ENT-K,,ENT-K_3.3.0.5
901600000001393,35155411000046,ACC-DP-0000341,DP-EC-0000014,FAKE-PRD-351554110000461,IP Access 50/10,,DUTUS1,OFFLINE,10-04-2021,02/21/2022,ACC-DP-0000341,,,,,,100.64.79.204,Old DUTUS1 Removed,OW70L-Dac,Intellian Tech.,ENT-K,,ENT-K_3.3.0.7
901600000001394,35155411000048,Not Available,Not Available,Not Available,Not Available,Not Available,Not Available,OFFLINE,09/21/2021,01/28/2022,Not Available,,,,,,100.64.79.148,Old ANCUS1 Removed,OW70L-Dac,Intellian Tech.,ENT-K,,ENT-K_3.3.0.7
901600000001395,35155411000051,ACC-DP-0000341,DP-EC-0000014,FAKE-PRD-351554110000511,IP Access 50/10,,NOMUS2,OFFLINE,09/30/2021,03/17/2022,ACC-DP-0000341,,,,,,100.64.78.134,NOMUS2,OW70L-Dac,Intellian Tech.,ENT-K,Bundle-1.6.3-B5_OW70L-JL_0.46_AIM_1.6.13.2_CNX_2.7.1.44_MDM_3.5.1.0.6_MIM_1.1.0.,ENT-K_3.3.0.9
901600000001396,35155411000113,ACC-DP-0000225,DP-EC-0000063,SC-0000000180,Trial IPC 75/15/UPD,cbh.customer.mnc060.mcc901.gprs,LOC-000000074,ONLINE,12-04-2021,03/25/2022,ACC-DP-0000225,,,,,,100.64.15.5,SJA,OW70L-Dac,Intellian Tech.,ENT-K,Bundle-1.6.3-B5_OW70L-JL_0.46_AIM_1.6.13.2_CNX_2.7.1.44_MDM_3.5.1.0.6_MIM_1.1.0.,ENT-K_3.3.0.9
901600000001399,35155411000174,ACC-DP-0000546,DP-EC-0000045,SC-0000000346,Entry 75/15/500B,onewebut546-ipa-18.mnc060.mcc901.gprs,LOC-000000125,OFFLINE,02/20/2022,03/25/2022,ACC-DP-0000546,,,,,,100.64.78.17,ANCDEM01,OW70L-Dac,Intellian Tech.,ENT-K,Bundle-1.6.3-B5_OW70L-TR_0.15.90_AIM_1.6.13.2_CNX_2.7.1.44_MDM_3.5.1.0.6_MIM_1.1,ENT-K_3.3.0.9
901600000001400,35155411000142,ACC-DP-0000225,DP-EC-0000163,SC-0000000289,TRIAL Classic 50/10/UG,trustcomm.ba.mnc060.mcc901.gprs,LOC-000000110,OFFLINE,02-08-2022,03/13/2022,ACC-DP-0000225,,,,,,100.64.47.38,DP2-Mountainside,OW70L-Dac,Intellian Tech.,ENT-K,,ENT-K_3.3.0.7
